x1,x2,x3,x4,x5,x6,y
0.18324694470305286,0.09725179575185781,-1.0,-1.0,0.7970434335118131,1.0,5.807236111094585
-1.0,-0.41721322850427833,0.08390313570831592,-1.0,-0.6620875089655243,-0.9634288734931762,3.0592238643851033
-0.8993781064050259,-1.0,-1.0,0.17691263682165348,1.0,0.655801115917547,-0.30296449253729885
1.0,1.0,1.0,0.011743661592028332,1.0,-0.45919503923706356,-4.4129945049748684
-1.0,-0.1327907462597412,0.24116229644725531,-1.0,0.8010294087590917,0.5410153025285662,3.0853765503706647
1.0,1.0,0.22360668452082755,0.9570214534272765,-0.01854422873843725,0.7556415698425483,1.6464357526742583
1.0,0.9764482657120876,-0.8035540893812834,-0.008444379934552326,0.48740955656463264,0.3290703545810132,0.6378484068224627
-0.8141977644218337,1.0,-0.5334898472283127,-0.4530723921370229,0.4783494578754274,-0.7021392502777706,2.01919505934957
-1.0,-1.0,-0.2956476452152713,-1.0,-0.4194610059102948,0.43984264372034293,-3.0488018959947802
-0.921659486221432,-0.3051115719887615,0.23154466257271433,0.7171866745747362,-0.11534177668453088,1.0,0.9263844392127855
0.3684244062323172,-0.5075235221414888,-0.5560970496143622,0.5422063359400892,-0.5957048851732542,1.0,4.013467908023043
-1.0,0.6191575830160605,-1.0,-1.0,0.3328868678156547,0.8640796492609264,7.464926402932837
0.19635736756636257,0.08975559633485453,0.9117894556761552,0.12633869990069735,-0.8896063629313375,-1.0,1.3004633407912412
-1.0,-1.0,-1.0,-0.4468472064597637,-0.16783479238481647,-1.0,3.095742657479439
-0.3627183953543419,-0.7228825905783816,-0.5651221785941515,-0.6640234669436197,-0.48513067671478616,-0.9903835851750478,3.303847850096227
-1.0,-0.3102675739098606,-0.4589235933483471,-1.0,-1.0,-0.6553113621107046,1.8294584383740056
0.31557044011174185,-1.0,1.0,-0.6101618617187319,-1.0,-0.9843336213961926,9.696448368777691
0.2895653844216821,0.466851346860782,0.6372530622195296,-0.019150042914832743,1.0,0.36644387791913346,-0.8651998976763394
-1.0,0.13322379588450634,-1.0,-0.021370526762200193,1.0,0.5776085853400108,3.1776849094322777
0.2810827233873029,-1.0,0.40353327191752486,0.09532234979236187,1.0,0.6350626143654322,0.2467306839769624
0.861298482183251,-1.0,-1.0,-0.6172418220148613,0.760529268852476,-0.6113445900531427,-3.80240391474491
-1.0,-0.7868502907750209,-0.28789351461194945,-0.20591516204375626,-1.0,-1.0,1.7475531168241147
0.26638454419255,-0.09633500650774773,1.0,0.9883696044327311,1.0,0.3022371508951054,-2.775444257262201
-0.6998136251514475,-1.0,-0.031090704147136217,-0.6712519408599769,-0.760525952451173,-0.24217682346948521,0.3548883210847157
-1.0,0.3969608880101294,-0.9634427969220877,0.4689209718563362,-0.5658090393167096,0.42339527441317226,0.4830277173476859
-0.2818943982778406,-0.8692195007923172,-0.7497464465587242,0.49441417975821295,0.4202621796704086,0.20593957547036168,-1.4431344418242036
-0.07177824230730434,-0.2805766011286855,1.0,-0.1782464503665331,-0.19509536410354722,0.051684608314992886,-0.2609492944164936
0.10517011825839381,-0.4493866023901437,-0.800106912622102,1.0,0.11054796637190833,0.5081121398978785,1.2694380016390652
-0.02670685123887201,0.20385050357303236,0.23997194144611378,0.16226567388396396,-0.4092836717752846,1.0,1.3302958718114868
-1.0,-0.230535694005506,-0.24020748387105417,0.3065918716074776,0.2262494112346309,0.0038024340480796864,1.3810137199025356
-0.5500609825747669,-0.4626364769442904,0.7968084305685086,1.0,1.0,1.0,2.4242630116802113
1.0,1.0,-0.030779232470195858,1.0,-0.22175263040397353,-1.0,8.13274917604088
0.2611011343861897,-0.47747543866292064,-1.0,0.40994339186358875,-0.7491983793611403,-0.11230854934520429,-0.6716548472793265
0.03864075321458693,-0.045827498634809505,1.0,0.9759477222458732,1.0,-0.6896758204157498,-0.03238362843772313
0.042814536142799064,0.9931922619850806,-0.549594510715848,1.0,-1.0,0.7511286828328856,4.858632160063792
1.0,1.0,1.0,0.02038744200291598,0.6452514222460424,-0.7864986379483274,-2.231311172921221
-0.5614538250648808,0.9856294253068364,0.6726599961040183,0.4904749468246339,0.6606817980164119,0.4843771423347075,-0.903981840474339
-0.9227829611106197,-0.02553232221858845,-1.0,-0.5044039135905871,-1.0,-1.0,0.3797147363187279
0.5306193839959265,-0.27535404965407334,-0.5967747529938088,-0.2967960499615748,-0.14709463211177612,-0.06364075205749231,0.007112187797641445
-0.9422932692476094,-0.7186915088363537,-1.0,-1.0,-1.0,-1.0,4.887890177096888
1.0,0.5217604953490051,0.855843299806563,-0.2278774436833002,-0.025778617862181746,-0.20739118531196388,0.4094133574551373
0.22216809354108702,-0.15187279932154452,1.0,1.0,-1.0,1.0,-2.5324267522266624
0.7663052100802497,1.0,0.7384854536132412,1.0,-0.5729843571346033,-0.8381974111967972,5.9666527629748
-0.43341683108165996,-0.9173662635875931,-1.0,-0.5450073676910091,-0.45817738828046783,-0.2053048912198132,-1.9663955148518597
0.3692907478450014,1.0,0.2246484531711468,0.21878732706322834,0.34621307754832376,0.7475328279195501,0.8033653734176719
0.3244342207170209,0.6132945881793918,0.7949548725070711,-1.0,-0.5679702677854559,-0.2201659410719803,1.0258410879522757
-1.0,-0.35094980035702106,-1.0,-0.2671519061857359,-0.45747483914393694,0.1628408126700338,-1.1848762448755767
-1.0,-1.0,-0.998367647859117,-1.0,-0.3744599881301298,-0.5411407306543151,-2.99870448707438
1.0,1.0,1.0,1.0,-0.6024122885189354,-1.0,6.864292718099196
-0.38454810321263877,-1.0,-1.0,-0.06625530540534097,-0.7358726223847093,1.0,3.081285437466065
-0.3312943440771602,-1.0,0.0911071687852997,-0.5944704590369766,-0.976013940509594,-0.5126313641811742,2.1979894142621155
0.21658489420912277,-0.4670019411817956,0.38013540543281676,-1.0,-0.12575328212407277,-0.9496982231875286,5.178958385348099
-0.5858753745989114,0.6861049733188305,-0.1295855227650669,-0.9202327350099408,0.4843451243536776,0.23166007216108997,1.6509997870595237
0.9409096168441444,0.8463684034546711,0.9484266732235007,-0.19401202330190548,1.0,0.9700251578861742,-3.4636105929832337
1.0,0.566379885100186,0.8099174057566945,0.8327767952895702,1.0,0.46812754298789927,-5.8662572507920885
0.16684749784842035,-0.03222005052122423,-1.0,-1.0,0.06916967298364551,-0.09272869512541501,-0.9492296411548157
1.0,1.0,1.0,0.7072481883180305,0.44804840186612804,1.0,-6.124984051313013
-1.0,1.0,-0.14981552819808241,-0.13728699177456655,0.35716707829334493,-0.3637112365453565,1.6782029636144054
1.0,-0.8916874546897685,-0.18139876982455025,-0.6176020465707523,0.31199642829577234,1.0,-0.6916214822987614
1.0,0.7274614075457044,0.0764403313888099,-0.0316346666168531,0.19570032749608235,1.0,1.9873730249800678
-1.0,0.8188231230391394,0.024305749839680646,-0.3192640072516977,-0.6972526907765384,1.0,0.5799215699572153
0.045404399993572264,1.0,1.0,0.08635101053933103,0.15382277600279637,-1.0,-0.4560040404416956
1.0,1.0,0.9125133805511095,0.04497756443243417,-1.0,-0.6628339902114,2.3816682519370476
-0.08458835244628254,-0.7833394675017034,-0.9645367884393504,-0.24262213207015426,-1.0,-0.46357286246693397,-0.9128154787302162
-1.0,-1.0,-0.7915575778565707,-0.23484397105826416,-1.0,0.8847686701327903,-1.9751083633290194
0.11088428313327064,0.42283494032768076,0.3699343171992234,0.3103014076654941,-0.3944996494887738,-1.0,3.373481746029643
-0.7028309307756795,-0.9082161129389883,0.4892823559004589,0.7320784371097,-0.5975303908784282,0.5372616515917003,-1.0276096986607852
0.0980846601128007,1.0,1.0,1.0,-0.7659643540511445,0.5173554166252261,-3.344432696069224
-0.419448801189039,0.09237501383812197,-0.852393399821397,-1.0,0.10275140630117763,-0.17303751384575033,-1.1532716273754804
0.45688655848358034,-1.0,-1.0,-1.0,-1.0,-0.19676259979939745,5.8075049932225244
0.3943178689205999,-0.09024289900429752,1.0,0.7299268835353586,0.35359380363201565,1.0,-3.022673867726829
-0.49133521143846537,0.600101737120309,0.14153140191444136,-0.17836518698621318,-0.4902994241313004,1.0,2.651546283269665
-0.3416086526693036,-0.9397422570976617,-0.6319800667884324,-0.7693040111228984,0.382797957708908,0.8288652127945688,-1.3468707484813558
1.0,0.8688046381746332,0.8282821682469865,0.36933866892288447,0.32868392174443506,-0.08587980871577117,-2.6925767667162885
-0.4049663624620589,-0.6167839640090738,0.656560485653966,0.4962014462582407,-0.9992305683356724,1.0,0.10576565633946833
-0.1410111188878834,-0.12659097062795266,-1.0,-0.19899271110919703,-0.12684744288401312,-0.7269906631439189,1.9282066332541872
0.874908009407347,1.0,1.0,-0.2773265746498337,-1.0,-0.3019532558773098,1.055706991167154
1.0,1.0,0.15490615083446635,0.29166032145853077,0.6138742482217305,0.3621230338225686,-2.8859247390697167
0.22901753811943307,-0.07886517044192654,-1.0,0.6478915519376497,1.0,0.9100385035925758,4.410095245478844
-0.26152114120987546,-1.0,-1.0,-1.0,0.04603324333518663,-0.01457037439923109,-5.1333290370550335
-0.38949300652454294,0.5685654511395766,-0.4636640400300824,-0.06921294054656445,-0.4669375891113172,0.019912432584274553,-0.5382820642965211
-1.0,-0.9790618976378322,-1.0,-0.2931012792550648,0.16080051734473755,0.24406351475599464,-3.257916893861876
1.0,0.9946877808456018,-0.5345157079648809,0.8249571879841389,0.9441283154321329,0.45247423017674127,-1.4954950741654442
0.988664199431474,1.0,1.0,1.0,-0.7153301229909301,-0.7252195694690426,5.054129195233113
0.04330132808592857,-1.0,-1.0,0.5447388947521941,1.0,1.0,3.9835564099701632
-0.8950396797893946,-0.4895274857322398,-0.9414640404636827,-0.6234086010471807,0.8971673192007701,1.0,5.890773976412661
1.0,1.0,1.0,0.3243457954596838,1.0,0.5321052821590573,-6.1561040630104715
-0.14226859221616506,-1.0,-0.46988408106607604,-1.0,0.8281658554341004,0.9981746743426427,-0.49985389015597415
-0.9939235383368669,-0.5274636316494332,-1.0,-1.0,-0.025767613238529052,-1.0,4.812505181969146
0.9680225728637273,1.0,0.4303712184204911,1.0,1.0,1.0,-2.012708411819008
-1.0,-0.9552002128873709,-0.2551201872516209,-1.0,0.3859294987237831,1.0,-2.733307585508713
-0.8073124893402923,-0.05052343808974791,-0.7532118947110096,-1.0,1.0,0.46017358951790377,4.057906881773771
-0.7659753313430069,0.7933801629816002,-1.0,1.0,-1.0,-1.0,4.681634104347923
-0.004416048761685332,-1.0,-0.3865100449951826,0.21825224804110938,0.40209413710606623,0.5846268651980724,-0.11424014112592851
0.610774353802885,-0.6298019403698644,-0.49988985579481304,0.12692241828453016,1.0,0.2315408072773552,-1.2812564513979185
-0.22710623024673415,-0.22057294406825712,0.4311797033174748,-1.0,-0.7596885481534892,-1.0,3.7583016906366495
-1.0,-0.4979163162083219,0.8582772591997414,-1.0,-0.19674186202060517,-0.4980798695059175,1.0259241383327764
0.13550515615508102,-0.12961267270623383,1.0,0.5920637451211158,0.12117586161330296,1.0,-0.5331717165842997
-1.0,-0.0364730389330965,-1.0,-0.5890776796978636,1.0,0.09433735976023608,-0.7619328538033346
1.0,1.0,0.17875748701794356,-0.35747624139830064,-0.07697578036324404,1.0,4.511587120760904
0.6114222647306341,-0.7889252846118526,-0.07569986764633096,-1.0,-0.2603419997486318,0.33453638685665005,1.2506188988371543
-1.0,-1.0,-0.0030321740915367767,-0.7895051912599411,-1.0,-1.0,3.8422239375037894
-0.41686735862566193,-1.0,0.5500014495876299,-0.12591707207500952,-1.0,-1.0,4.073494969442305
0.4241720172869977,0.29169333749855975,-0.22772446317307243,0.15933528962823856,1.0,0.9459180823612949,2.435987265002939
0.1423667086182001,-0.15185083675098554,-0.2696976597306783,-0.5979244331709488,-0.3327207391592937,0.08524406395339501,0.6653260515366335
1.0,-0.12207839051620462,-0.10905495732623516,0.9573282995636838,0.43964749240646195,0.5704637839102553,-0.22724581727450327
-0.534089725997172,0.532949140104032,-0.8574101055647363,0.4152058384306799,-1.0,-0.891549010586899,-0.1667287145403858
1.0,0.09623775772138443,-0.4549132441399976,0.521685703683969,-0.5925774649705918,1.0,5.532314742400985
0.4565541353324698,0.9392203828843209,1.0,-0.08129370729554825,-0.6563992137823691,-0.2886224650615543,-0.09909127250094585
-0.05995957695615994,0.1887290670139723,-0.3871303081762828,0.225173920387309,1.0,-0.8840913677040305,0.7569556072713121
0.10963973245552036,-0.09719257946281545,0.6635495384695661,0.3992100630839067,-0.12852168638045713,-0.8644961825002426,3.185503020829309
0.1754561260361147,0.7907383084746946,-0.21045432757215232,0.8225644939695833,-1.0,-0.3799738601656598,2.2600836511808926
-0.8715924386659409,-1.0,-0.7790883705963816,-0.2857094780447578,-1.0,-0.8833584300532631,-0.701966336965822
-0.9080485043085439,-0.8291327505496104,-0.8198171163894191,-0.2042616020137184,0.5075406514161351,-0.0867657819200266,-1.2817607257016095
-1.0,-1.0,-0.1368076504496194,-0.9650162745133564,-1.0,-0.003015285109032817,2.420534028357843
1.0,0.009092343521364121,-1.0,-1.0,-1.0,0.19394816105061724,5.045463162937996
0.5184981424813155,1.0,1.0,0.21224912625841208,-0.2569399221026931,-0.34764362649936476,-0.7554658308502985
-0.016459046677938627,0.7750441275736595,0.5493803313158,-1.0,-1.0,0.303543711571296,2.2010925823015075
0.19235153150166434,1.0,0.448175236062658,0.4094931049990614,-0.3383070885200762,-1.0,3.27064338405836
0.006205396062680557,1.0,0.40726956517800694,1.0,-0.20283178955021075,-0.3388645186382271,0.8158269245585503
1.0,-0.7791296330888118,-0.38840903191699094,-1.0,-0.35243115584502754,-0.4027340629464039,3.8062093378093897
0.4004226233805657,0.7528704361726577,1.0,-0.4715246307483416,-0.23621290921215965,0.39263389527256753,-1.8728096509701668
-1.0,-1.0,-0.7492200903031148,-0.1724771883602958,-0.18068613473446993,0.9854688820464987,1.06841413528472
-0.21245102326623352,-0.4603667749819039,-0.04447119054184767,-0.553911710856213,-0.12375564058790833,-1.0,3.685953738801235
-0.07379288019433033,0.745499334162956,0.21069732724309898,0.6758702187080772,0.4351474749887382,0.34458753714261486,0.07721132240497242
-0.2890943141212376,-1.0,-0.4392957283214241,-1.0,-0.2497251883774927,-0.6504789489866718,0.8783496303677836
-1.0,-1.0,-0.23996086635332858,-0.588050310626185,1.0,1.0,3.2499003587194264
-1.0,-0.9634182678914653,-0.9766020480756605,-0.3660239697006775,0.9717843055406673,0.8711282269161524,0.8833348604088672
0.3178564183275428,1.0,-0.5237729738802338,0.7550111402974558,-0.8533511277493555,0.5478585384982085,4.709508516738398
0.9888733096383797,1.0,-0.3055472287585992,0.6890694229137972,-0.39733987150013894,0.026104274014658757,3.326284377181303
0.9200606491895508,1.0,1.0,0.22711077437127458,-0.2840417517635624,-0.34258862835301557,-1.0209534929038475
0.3626970638132578,-1.0,0.5315061254422124,-1.0,-1.0,-0.4939355734900801,10.749419499933111
0.46605280842215246,-1.0,-0.09019377256006378,-0.3254170572463358,-0.5795304784916068,0.3755700259975915,1.549962749896354
-0.6152337851682995,-0.9934685665976422,0.29764840624990185,-1.0,-1.0,-1.0,8.263117940885035
-0.06420700742051533,0.7036547428300939,0.0697990071269482,0.44961370834803477,0.3996446488839783,-0.2346133217242672,-0.5507545219436571
0.7742038668664571,0.3309512446028629,-0.6857837072874684,-1.0,-0.5292311739686342,-1.0,2.492165947834079
-0.5007859925499158,-0.8344277568458338,-0.36056816635043754,-0.16501916498547237,1.0,-0.07377764657204566,1.1581498504778152
-1.0,-1.0,-0.27593213592575894,-1.0,1.0,0.4715718072514372,0.6499208609797515
1.0,1.0,-0.5874467470764735,1.0,1.0,-0.7274842165099978,-0.828497857710194
1.0,-0.3872298737682837,1.0,0.5975886679732028,-0.4434179332778419,-0.8211920441827668,5.590056220670518
0.10296233327777243,-1.0,0.7044726210055874,-0.796751376237576,1.0,-0.09713796975461197,1.0071879685909095
1.0,-0.13641328134388053,-0.15640493929016352,0.4541616538873502,-1.0,-1.0,6.734680471566672
0.771017768094291,1.0,0.9006303279460284,0.8765110181321453,-1.0,-0.4103024959772177,4.031745045328642
-0.14653858148365506,-0.4328646646563157,-1.0,-1.0,-1.0,-0.22821664097658045,0.41594851708458663
-0.019798226057012758,1.0,-0.8337661072204847,0.7275260780299155,0.2503197291516258,0.44250062757081504,2.857499025743494
-1.0,-1.0,-0.4535301367747725,-0.31065604960329374,-1.0,-0.5175962356793092,-1.5289192022300664
0.6267718173316164,0.9836359679251674,1.0,-0.33823933503493664,-0.2855016720394756,1.0,-1.6312886492871583
-0.342265518668181,0.19421700347249093,-1.0,-0.22276768960723664,-0.9444561351216582,-0.07843957725572567,-1.736355711623348
-1.0,-0.5349499958353847,0.2558562685456299,0.5210043054566863,1.0,0.3381830313436367,3.349803655199616
-1.0,-1.0,-0.6277701050141224,0.21200546801100162,-1.0,-0.00742520158435811,-4.450921712594305
1.0,0.29062940329439435,0.006214765598396177,0.6955140751080113,0.2631133405232903,0.6668825731955363,-0.1874929942769863
1.0,0.8855041545356801,0.8814523578335354,1.0,-0.39810970940881646,1.0,0.16648795801936822
1.0,1.0,-0.5963373668808456,1.0,-0.010278318329626779,-0.8783613097767571,6.4672476623926265
-0.6495815397508939,-0.14571123423382826,-0.08477467993912825,-0.4253069383403435,0.3954569179907621,-0.8747074853447125,3.14484714550879
-0.7034667932395909,-0.664631340168177,-0.01725538702860785,-0.5585216366111193,0.44275831140879784,0.2500973595863543,-0.19593625068192982
-0.22742492827106264,-1.0,-0.19333366384581807,-0.42811636924750807,-1.0,-0.5000851427595288,2.2859898570911197
-1.0,0.12094825838106837,-0.19343757124604588,-0.4944826561774498,1.0,-1.0,6.936935539522573
1.0,1.0,0.937612987493208,0.5902196751126132,-0.6363393885177517,-0.11941118448333177,1.5712004804047377
-1.0,1.0,-1.0,-0.1260675526102565,-0.2377878975838646,-1.0,8.88001575567285
-0.5242266888024159,0.9477090793934242,0.34369961915326286,0.07968984372419796,0.536419871365254,0.8809777850999115,2.258007858315302
-0.770337396502448,0.2154698240751184,-0.9230465531646758,-0.35060285664374724,1.0,1.0,9.88480560721817
1.0,0.13916716671633234,1.0,1.0,0.22605612272397135,-0.9233857460549585,-0.09153343348495513
-0.4058865283518952,-0.39361997450799235,-1.0,-0.3685491313462187,-0.2010991251211408,-0.29723356872839424,-0.021118760127937453
0.349731768123328,-1.0,-1.0,-1.0,0.7217446009597384,-0.34754682652279634,-4.69787291886337
-0.25963937679705795,1.0,1.0,0.3545676755052657,0.1437756995508565,0.8018450489797453,-4.3596891704930645
-1.0,-0.8626292537202445,-0.6370164284143498,-1.0,-0.4433954775791098,-1.0,3.609295668637952
-0.1723734610667056,-1.0,-1.0,-0.43370681298900565,0.8674181252777589,0.991026731055492,2.0825643801703775
1.0,1.0,1.0,1.0,-1.0,-0.2763353909911581,4.889502342229769
-1.0,-0.5836458890594896,-0.4283124443138293,-1.0,0.3103347251972191,-0.8905922791186691,4.536744641459089
-0.4735199400105502,0.9982651113681178,-0.6172993947819488,1.0,0.854009954028047,1.0,6.793579994194883
-1.0,-0.4334824223329987,-1.0,-0.6727118522464266,-0.22978298014128645,-0.5897146290474669,0.4646058966345016
-0.4647807661159008,-0.8369163616317843,-0.32839908408971086,-0.8884655809684259,1.0,0.7055755734384831,0.8982204067279398
-0.8042129572981672,-0.10254491536707405,-0.7028952984472527,-0.633661307232608,1.0,0.6429456401573338,3.255992520039121
-0.08071398583853662,-0.6425982619318427,-1.0,-0.32122616489802636,-1.0,-0.6180129208857421,0.29052391454823157
-0.5073010813979897,-0.8808340971804063,-0.4692939897649835,-0.5834628829270136,1.0,-0.9002716031962699,3.521628861087076
-1.0,0.07092112261374295,-0.3928471274006344,-0.4107547352877975,0.45049816674223864,-0.25765926904406555,0.6054481180922116
-0.3420442124505725,-0.6464853105316235,-0.14605729005359902,1.0,0.10383663810845167,-0.991163721744819,2.215990033572889
0.4222526111441016,0.27451499589649087,-0.051546539211237696,0.5069829748716679,-0.6843114668833752,-1.0,4.234434005271672
-1.0,-1.0,0.36781726245844915,-0.7471284399830616,-0.5653883542027568,0.3679821580867032,-2.146667087506979
1.0,-0.09819612861958227,1.0,-0.1125673948439272,0.8508237150071123,0.5530739592130095,-4.0791466905178675
0.009114060544038072,0.0001646209641137375,1.0,1.0,-0.3957770759696674,0.0124170547920599,-1.3416199260730257
0.5063809000968684,-0.6292365643310979,1.0,-0.20485645039946632,-0.06385128037207699,1.0,-2.1185700364401105
-0.4788110720612986,-0.9866038080005695,0.09629806293786133,-0.41503462611615816,-1.0,-0.7661007602658418,2.057732212675348
0.7891164467093409,-0.27874130939411035,-0.45390567116924785,-0.04565996001696615,0.3134638183829349,-0.6978452898099756,1.0000591222433717
1.0,-0.5121274343417799,0.5939414416900364,0.9770132747630802,-0.17511514352636265,-1.0,6.672798589460229
1.0,-0.28523085440536045,-0.0390372470278576,0.10713632669193585,-0.28322346986308783,-0.2643757173012248,1.0963343475724485
0.4637878881463854,-0.2405136440487494,-0.6873625446442236,-1.0,-0.966258112450683,-1.0,3.621870785605668
1.0,0.2927188495405721,-0.7383899443047488,0.24449157435092034,1.0,1.0,-0.1469592205241197
0.5400254943433909,0.1362148683608171,-0.6667912812415903,0.4942786578816435,-0.31058367038986634,0.799998165456547,3.0245875398112716
0.2172139854095798,1.0,1.0,1.0,-0.9608368260615526,0.0014628437068082145,-0.4392348802173523
0.13851655822913256,1.0,0.2634645431521032,-0.14642682279083818,-1.0,0.11146929713745746,-0.1829913121432774
0.7208327341234897,0.2918882932547704,0.6858122116295919,1.0,0.672597345386696,-0.5045981420069343,-1.1258054598105807
0.2118090876216005,-0.6374069370858679,-0.24233964078650147,1.0,0.36875972994713796,-1.0,2.1371372242165796
0.8585361134961376,0.8229975159333777,-0.29433468253781825,0.18955388817131957,-1.0,-1.0,5.235369687253545
1.0,1.0,0.1594768329001926,1.0,-0.02402434106430129,0.47207967786583893,-0.16747268276103922
0.1753448902591342,0.33220687539098037,0.7422001660972708,-0.8861918314093065,0.801066272149453,-0.22525021137229298,0.5222507783663144
1.0,1.0,0.15906249481468104,0.0340033468391045,-0.2824205529170536,-1.0,4.314804831323682
1.0,1.0,0.8048334510283582,0.6132101094514415,-0.21673634259121144,-0.5729101713837397,0.4977580524548697
1.0,1.0,-0.14037946422516145,0.04740662941151319,-0.25909957246817716,0.6283102181829283,2.5878903285976063
-0.8316490063024976,-0.06574563188817228,-0.8222076035576775,-0.9796553392212073,-1.0,-1.0,1.4091606716165535
1.0,1.0,1.0,1.0,-1.0,-0.4226370569812108,5.48602344197049
1.0,1.0,0.11395551018733541,1.0,0.6203718884923659,-1.0,2.9706149202468106
1.0,0.7777661607070039,1.0,1.0,-0.20841568353070025,-1.0,3.9863891667321685
0.39826070883988895,0.7874766159937786,-0.020019594784181194,0.05359553777926546,-1.0,1.0,5.531414150844539
-0.9211659831442136,-0.5968736883578827,-1.0,-0.887304461483841,-0.47864851226714566,-1.0,5.060908964468846
-0.7822208964690399,0.06648113966875882,0.019674562148578933,-0.5977293202146137,-0.2534708098572831,-0.0646097703577937,-0.7671488626725556
0.3108306671775384,-0.9436911558956478,0.6621958704072555,0.16179192640825718,0.26575579638686164,-0.027744748898623772,1.714458908321153
-1.0,-1.0,-1.0,-0.5534862300598982,0.5972867642066247,1.0,0.08866192174831156
0.5777607049206959,0.7922295127121953,0.6222156695445131,-0.41326334668331194,0.1870045221223573,1.0,1.2786949973346942
0.9965081731738429,0.5427474063898778,-0.2451031073628035,0.8002343955709404,0.41595746461472216,1.0,1.7364850630072137
0.8983276869328064,0.758524597338815,0.18831073491460415,1.0,0.1137007652702279,0.6250850503597891,-0.4961618291452279
-1.0,0.23532618724237167,-0.021296692862136757,1.0,1.0,0.7638826130873814,5.406887064063752
1.0,1.0,1.0,1.0,1.0,-0.22707698789873,-6.858688601103827
0.40265395296796314,0.2272420919927678,0.956252484534442,0.64653802917334,0.2587304425550717,-0.40147251690064367,-0.6449617382376726
-0.7035659627234776,-0.3824581064802557,0.8626536475824971,-0.6290750812563166,-0.6801235013001421,0.4203261870939027,-2.754501419228019
-0.1099601497079599,-1.0,-0.8125122688174082,-0.12048373669270296,-1.0,-0.8010087090557118,-0.18167472519153924
-0.7306008120082987,0.13795951542491025,0.7008368380001793,-0.38792983317933116,0.3890300286456014,-0.5073327652551609,1.3762753401930132
0.18791522817189488,-0.4577538887362381,0.6105891870887675,-0.146157639608002,-1.0,-1.0,3.652785886656413
0.40482672877698295,1.0,1.0,-0.055608416443153896,-0.48502959923399147,0.9693122664123424,-2.47265530853842
-0.892157647698047,-0.01740860423126711,-1.0,-1.0,0.6052235061932028,-0.6837103888162865,2.2419161442636213
1.0,1.0,-0.17741453411988833,0.8932805768267469,0.03601383707155981,0.22867345842576237,1.141197317710011
0.5847553289703277,0.5065656362312569,0.05149591186752578,0.7248490225116234,-0.9366817412256394,-0.42375526860095036,2.761243133269301
0.5333426414590428,1.0,0.7523247060920638,1.0,-0.18465427254729394,-1.0,3.361727355620068
0.44908993548723564,-0.07677159200468497,-0.9253676134636953,-1.0,-0.8506077428465768,-0.6353617168789538,1.8840876486234457
0.28075707927420757,1.0,1.0,0.47616056737464796,-0.25421599744202333,0.9433615750546739,-3.1643758792789116
0.9770002879166808,1.0,0.8431458593151093,0.23157088478053778,0.43270620239351154,0.4168536212927406,-3.3056516498900668
1.0,1.0,0.3026122451891927,0.559059387554823,1.0,1.0,-0.6940841720953588
-0.4968736314936122,-1.0,-0.5709896701483066,0.6508381626741615,1.0,-0.3732038543022447,-1.6009677312210828
-0.024896952537752703,-0.706243318758936,-0.8557162861056318,-0.4920324130385927,0.081845387739931,0.2087126874660951,-1.0567084842196899
-1.0,-1.0,-0.08764474580358883,-0.9731452474634655,0.11562196326906549,-0.24762799008614111,0.10600120863333717
-0.9686305558691055,0.09518926762827423,0.3404102284033253,0.30684274464404127,-0.6075494673519861,-0.6275051040984221,-0.855532393909409
1.0,1.0,0.6661617044839656,-0.4070374658380966,0.2262882584045558,-1.0,0.7986343978585497
-0.869901070489675,-0.09098044327539734,-1.0,0.09906177250050813,0.022824759961848295,0.35209717503200866,1.0183107924768424
-1.0,-1.0,-0.9146267562675288,-1.0,-0.08807678282677134,1.0,-1.0080038128907496
-0.5718637328376621,-0.5902869024350078,-0.10940859542234138,-0.41925952553184564,1.0,0.4308603379593048,1.2025628904406251
-0.5153686492967982,-0.48818112163331184,-1.0,-0.47991090417280524,1.0,1.0,6.907282019028177
-0.0461304719569291,-0.5745832470937404,-0.09841393386687453,-0.5793522086395428,-0.3256644961389642,0.2957885126790597,0.601839867868211
-1.0,-0.7744710841492577,1.0,-1.0,-1.0,-0.4322369825585288,2.7947300283608394
0.9086838263289112,1.0,0.17964443544403896,-0.8363996045733959,-1.0,-0.0037718469358913875,6.476349854080471
-0.7336448624943619,-1.0,0.6662487497412071,-1.0,-0.5974634153583833,0.1772139255521496,0.4866099872325498
1.0,0.06993756930414685,0.8462153048045273,0.6031000113911913,0.10721999443843841,-1.0,3.531694990310589
-1.0,0.47858431467833773,-0.7299000453390487,-1.0,-1.0,-0.3956441633397163,-0.024648017651637266
-0.5762910441609423,-0.2926645271868367,0.47933111549233715,0.010369617957886712,-0.49014885013790144,0.364128855482718,-1.4113864428570353
-0.9035517377731384,-0.9673873158260797,-1.0,-0.8306426123054278,-0.5946660793983086,-0.31331392567286026,-3.136211571824066
-0.8394542423928053,-1.0,0.42100323910189086,-0.6258621609942105,0.6700554574912071,0.05938187111378246,1.3634620681547116
1.0,-0.42178047318191125,1.0,1.0,-0.6029486086634198,-0.006680230824486544,2.9151106152994366
1.0,0.7875874264337006,1.0,0.5532159125007501,0.5637707090925489,-0.40404311466032317,-3.1756812924148763
-0.7998547942558616,-1.0,-0.4016967209595599,-0.6716251609957831,-1.0,-1.0,3.049169568430918
-1.0,0.09177272376170392,-0.25879606443835323,-0.7422745946837628,1.0,0.9716838365866323,7.858654051613946
-1.0,-0.6093307190397832,-1.0,0.05412402170425268,0.9128634486742929,-0.9110305113407136,3.348220875015603
1.0,1.0,0.7285928300961575,1.0,0.29682801149639293,-0.8461969778146196,0.9666974828577084
-0.09524066200843295,-1.0,-0.24379184790334696,-1.0,-1.0,-0.7769900238319374,7.3900865020591695
1.0,0.1304291639024442,1.0,-0.2783224010861878,0.08325409623895941,0.0387061161487825,0.1589075686761968
1.0,0.8144770627673932,-0.784499376709048,-0.84966674905069,0.2864180387253471,-0.3757239573907226,-0.4031803233265582
1.0,0.2798367275828475,0.2557047500284917,1.0,-0.6584309741829046,-0.44510990486966995,2.8736950629121236
0.4908128647518061,-0.5522388271202131,-0.5782432253667524,0.34490648353850883,0.3764016438880287,-0.9918569791001939,1.981264423896028
1.0,-0.8660611395828746,0.3781804683462376,0.7673919451972406,0.24210462942391775,0.9892975330258844,3.5321167201837853
-1.0,-1.0,-1.0,-1.0,-1.0,-0.4652979331069773,-0.46618915031491415
0.18462435655945408,0.6613954767854497,0.6096479687653062,0.3249224986389083,0.6679664854948162,1.0,0.6452587227585527
0.9612905953914421,0.47628911366872706,0.843926040463787,0.3090957235102594,-0.3500207547030524,-0.4304429055092235,1.9187708456275692
0.2043109588518976,-1.0,-0.7207195280300334,-0.41281297911033754,0.3469604241821183,-0.7371506431647021,0.18511588423645037
-0.2970617694298706,0.4641705754512309,-0.2361587290235303,-0.4790501608518427,-0.12409895902631396,-0.15578958339239535,-0.09431865371776223
0.3667942525926192,0.08278570618534498,1.0,0.9598757345692353,-0.45299121786689267,0.828076307090481,-2.2379859590775686
-1.0,-0.6559267806339693,-1.0,-1.0,1.0,0.3892181880491439,-3.3676381019711097
0.7766154080113035,0.18596142057455622,-1.0,-0.3524657324259233,0.28915519904494336,1.0,3.726394220700091
-0.41654482320910646,-1.0,0.18303152149638457,-0.20049408326412022,0.5817409232696729,0.7870822434450111,1.3109698034922797
-1.0,-0.07385797450458387,-1.0,-0.044483813144707396,-0.01444696299912479,1.0,8.07990290097884
0.7470838286579066,0.687356663789631,-0.5480814087157101,0.2788339801569468,-0.23500220896555363,0.64472913821785,2.5993839398702
-0.40643860257657705,-0.003238159499888288,-0.11665881542831102,0.27796741255955737,0.22547745935966562,0.37557677820582713,0.35408762753657486
0.40844044596074325,0.6678205955078798,-1.0,0.33026634554660955,-0.3006058904747402,-0.8680580659972215,1.0523065167172645
-0.1449393283661779,0.173444919922712,-1.0,-1.0,-0.1826502631149366,-0.8947401781268627,0.5959223198957051
0.6313679591096752,-0.008038124522665252,1.0,0.4250968487681005,0.22930385753442972,1.0,-2.4583988309604883
0.7570149908965066,-0.8687272780749542,-1.0,-0.7433878754086316,0.5234850506882931,0.0903037585010863,-2.9245980119667543
-0.7728211161043848,-0.4000410316204712,0.4364904756231166,0.054686361773432224,-0.7816643613257372,0.537742008684162,-1.6733211821480567
0.6471215906030259,0.08453918414648398,0.269979733752678,0.9497604342847819,-0.8587393848987805,-1.0,6.944567252554909
0.08360260783871976,0.657287224952178,-0.04255130553350639,0.34261963364956965,-1.0,-0.997955181249294,2.2465603982428233
-0.9221891170398733,-0.9649770701570813,0.2516988210461261,-0.5602969997578925,-0.27176505153991815,1.0,-1.9523114960159522
-0.3543440670241398,-1.0,-1.0,-0.49096512275145465,1.0,0.7067226612846633,-1.3015009890657798
-0.8696691690308371,0.712922409101608,-0.9670298302349467,-0.352762365918615,0.4371203706438005,0.674708046588596,6.0475860495005955
-0.24761553700511363,-0.5582072902699183,-0.19060660013106095,0.3455585252838647,-0.1311031922061097,-0.6037352692876512,0.5552576294341587
0.606078070267464,-0.2006916090373368,-0.09389398759174283,-0.08242641947428997,-1.0,-1.0,4.92478137378751
1.0,0.3899657000481833,1.0,1.0,-0.9777621754493869,-0.6911469244267049,5.4943038293065865
0.06021343678114066,0.5598978693664338,0.0460273456794289,0.9493565533729253,-1.0,-0.8416687953901381,3.4470393742944108
0.14306686096156196,0.3890399188582455,1.0,1.0,-0.024080793879750595,-0.9510087121056412,1.1062519386939886
0.7960331116837791,-0.6047688604320058,0.014520503161516762,-0.1444164571714906,1.0,1.0,-0.7326915850052065
-0.09224797548215724,0.19254231084624934,0.5241826395081656,-0.39862889334070695,-0.2367996392121046,0.032492857434837895,-0.7382570711850112
0.09642205059813991,0.45777531920742676,1.0,1.0,-1.0,-0.46261209757423905,0.40949321001491457
0.2644923541133696,0.1573280677773009,0.3938698606875049,0.5751536010871622,0.23873810158509967,0.8485456774057897,1.8966057637363392
-1.0,-1.0,-1.0,-0.8341038786210715,-1.0,-1.0,3.8118450218782485
0.019411024033708868,0.3253082230622646,-1.0,-0.051394772000690314,-1.0,-0.6276185870112438,-0.570316831099303
1.0,-0.0074178538203855116,1.0,-0.1610871749043155,0.2370081740050901,-0.9667577695729436,3.2578214812012987
0.1521690018103583,0.560950380520159,0.23861572275397985,0.6734242031207245,-0.0321377123732256,-0.8562304418120893,2.236220050072665
1.0,1.0,1.0,0.3856956894885675,0.13240281385725472,1.0,-5.333993659782168
-0.3883958327759287,0.6714325788631545,-1.0,-1.0,0.16132621247412215,1.0,10.036501323339332
-0.02459177193001444,-0.10873727878238182,0.8160244221705099,0.08991119302331646,0.5573983739337627,0.4363369279856133,-0.8149718914940898
-0.4269058686933813,-1.0,0.012362077576556052,-0.632004800956234,-0.044862398780497914,-1.0,4.2433897265902125
0.9913839360075902,1.0,0.47601356597828837,0.452450083451983,1.0,-0.41948116586010964,-3.2092733817234995
0.12309816401751122,0.11996913973328628,-0.24490158303215986,1.0,-0.3696110264715246,-1.0,3.3144466019077883
0.08679569667724896,0.19675187958042417,1.0,1.0,-0.7659617973362476,0.6667262771280242,-2.248834744045079
0.6781637473861077,1.0,0.45844926063400415,0.4359021120321117,-1.0,-0.6844896075249338,2.7788409154372604
-0.7581801913114044,0.22129714712296694,1.0,0.045865949507002124,-1.0,-0.981237685448501,-1.9969619200173712
0.640896136056534,0.15748815734978716,0.9306891843479166,1.0,-0.5906442057325879,-1.0,3.695551145178856
-0.4426146739776653,-0.3167431967385621,-1.0,-0.27665478025152157,0.18503085560670346,0.9414391566720003,6.778497926208436
1.0,1.0,1.0,1.0,-0.20786609878257817,-0.36711410130318384,1.0879149503370167
-0.5137027330073803,0.11655166970488567,0.8471295165085615,-0.2991604492160125,-0.47688886706549516,-0.32321393157084094,0.09053825443775276
-0.6488056850364018,0.17094060096084696,-0.20728473714870221,-0.8083740608616852,0.4848586877521331,-0.43551564246152275,1.5769159891081972
1.0,1.0,0.35470356500348554,0.7338593589002657,1.0,-0.7940247569266626,-0.8879174625956366
0.9009724489005402,1.0,0.5048679758921342,1.0,0.9368654825998506,-0.16268702131211682,-4.334921988741733
0.11138305399962338,-0.49322003586068974,-0.5552162282740626,-0.5830696585782198,0.7489793446500863,1.0,2.7572216311392412
-0.5376550478268065,0.31087465296477435,1.0,0.24017514993785566,1.0,1.0,0.06787667780670459
0.06477473333000516,-0.44454449806346413,-1.0,0.073103065257623,-1.0,-0.5013891704020219,-0.8426051137769728
-0.5691241420804323,0.2269790380037774,-1.0,0.9732982420386245,-0.6354295426993194,-0.31230121404483646,-1.6394626494646833
-0.01497130191172108,-0.3399696943007428,-0.8563647815060591,-0.6621151935248921,-0.7152645667112704,-1.0,1.8880506625427709
0.05079032247892834,1.0,0.6575771834134487,1.0,0.8563154269071671,1.0,-1.834109216089771
1.0,-0.3933099206271756,0.9080956034901873,-0.14879602323227548,-1.0,-0.6472003032612613,7.5780472655396025
1.0,0.22495862825863422,0.09017383581430449,1.0,-0.8942007056970624,0.28441579587090393,3.1898208704092177
-0.6558273262893173,0.22364975533042786,1.0,-1.0,0.7089781065468608,-0.8303233010712686,1.7369452215554029
0.39296787455213933,0.13765989549185262,-0.5605494478740135,-0.8632439772272946,1.0,-0.6717555551392089,0.20915773353543
-1.0,-1.0,0.12643608895261116,-0.9012558409695228,-0.4142304911566783,-1.0,4.489119326543279
0.5745292860712643,0.5366376084808306,1.0,0.4739776153968345,0.7214353927694463,0.7876209835814095,-3.904826587585306
-0.9099797552087389,0.7906318848224487,-0.2724420310213931,-0.23696807179164003,-1.0,0.467517613924394,-1.1458555433616655
0.07471630649413996,0.31187263620283157,1.0,-0.9573101973674321,0.306771132554561,0.5567100780068523,-1.3869660585635402
-1.0,-0.14902900065294622,-0.350767470477548,-0.004301584953673276,0.3456515035852047,1.0,3.8648155854294544
-0.47199692179602426,-1.0,-0.1359828360625277,-1.0,0.08425203258654268,0.8283784161008417,-2.0520906573514757
-0.9019243173063787,-1.0,-0.05069446603488492,-0.253889660199599,-0.6678121283822686,0.08122892547421248,-0.750357251436105
-0.5314725633733586,-0.793231397592146,-1.0,0.11927670708600308,-0.7331230567400628,-0.9978843913268391,1.653739151829603
-1.0,-0.3256343173852294,-0.9412335631076849,0.29179806540332764,-0.22217302505728975,0.01317357383266915,-2.7952639087264703
-0.6773719564451273,-1.0,-1.0,-1.0,0.4042615330514059,-0.030320430023967726,-6.179211646555694
-1.0,-1.0,-0.3287635092755916,-0.28881124730392904,0.6542471272861652,1.0,1.954168966643666
-0.5804633196563251,-0.13675997621496627,-1.0,-0.21014906913684284,0.18960248907405808,-0.16063949000781663,0.1356693923478559
-0.9552087546993445,0.24890404735979904,-1.0,-0.5331242325339839,-0.921878345180077,-1.0,1.0634914179383141
1.0,1.0,0.07887186798072143,0.9350420183636416,-0.27406824804683705,0.4287687782627161,1.8419593584498541
1.0,-0.47974299784718766,-0.4436158454278093,0.8555568968503009,0.13093708710501417,0.5393300135283527,0.22432635241420587
0.7834051917103138,0.17704067493839848,0.023879362008190547,1.0,-1.0,-0.8378956827693125,6.236806289432308
-0.6761140393376481,0.0031690578985432705,-0.22536571119019477,-1.0,0.10342995564365023,0.859639758583078,2.021862177386979
-1.0,-0.045179256565687664,-0.46002927232285384,-0.4345377541708637,0.7030891978908407,-0.008537673436649351,1.7635396093018487
1.0,-0.048295044809187004,0.09714618144525389,0.12046600255148943,1.0,0.5907240397825777,-3.706225629319381
0.8408562602301748,-0.11051380046470022,-0.39126255107858565,0.9071486662721182,0.43650594714335583,0.049621683134524974,-1.1971126201845206
1.0,0.821611075302682,0.8349755751560353,1.0,-0.6895917690172798,0.09155062010498305,2.268166278293784
0.5125437182797202,1.0,1.0,0.20488372819864697,-0.45669309652343965,0.5109572924712069,-1.3663608101058369
0.6203770626519218,0.5976310996956353,-0.19955495190161104,1.0,1.0,0.4779061675084662,-0.6430835096944957
0.11124820910229094,-0.29258956747148934,-1.0,0.9573375209665804,-0.12745710922407416,-1.0,1.4310350885986565
0.4967080232583018,1.0,-0.543533857005176,-0.2950301268181452,-1.0,-1.0,4.144277885388458
-1.0,0.4329307898564362,0.5632893529795984,-0.17967151310996196,0.4837989026993421,-0.5119547149316859,0.9872802651107411
-1.0,-0.7193230890304294,-1.0,1.0,-0.3196691209463899,1.0,3.3773954022714934
-1.0,0.07591465357144231,0.33078031366440414,-0.08239557566590416,0.026087690512496042,-0.5853266335428583,1.8025604463012803
-0.23310042980377516,-0.27998059018446564,-1.0,-0.09488286446214744,-0.2496370352716809,-0.8521957444515846,1.4960714594746856
0.896968990927135,0.048201838341771275,0.9301138966241949,0.20836262123022875,1.0,1.0,-4.625001320489075
0.778768897379905,0.7778207953843184,-0.5897420000124196,1.0,-0.6528343135815324,0.3189739895789957,3.5536966627708666
0.13252582939715485,0.2958118641601677,-0.5631574080590046,-0.6915865793126269,0.7880765431779193,1.0,5.304516236561135
0.3892285518894251,0.5130281755717407,-1.0,-1.0,0.644602695401902,0.9417357409073817,5.625317770010285
-0.24846838062553564,-1.0,0.7540569993239812,-0.33416702133105414,0.1816920039099681,0.250904430103179,0.674516454111865
0.20872473647859324,-1.0,-0.19832601295837815,0.26500342711022284,0.19781850535709578,-0.15536846655295233,-0.3755517461093298
0.8955964267984922,0.9776273829901183,1.0,0.35667064364717294,-0.7141838964639772,0.43722884117740524,-1.3839844876197618
0.7502235163303717,-1.0,1.0,-0.3378241115019865,1.0,-0.7410877316348132,1.7802957265235706
1.0,1.0,-0.48787419443169794,0.06795767698444549,0.8383160396593168,-0.0051158498301679955,-0.3010725230991972
1.0,1.0,0.025190554376652352,0.2853979593206576,1.0,0.17313812815204233,-1.9718219148087157
1.0,1.0,1.0,1.0,-0.5096792756249174,-0.25933845148265244,2.2602279894051027
-1.0,-0.3157386715909472,0.803353098699322,-0.40989590449299695,-1.0,0.17722174657583034,-4.166658836758075
1.0,1.0,0.25396613569668175,1.0,0.8250419936696247,0.9299747307098118,-1.9735021909380495
1.0,1.0,0.33257722896330755,0.34943509488900226,1.0,1.0,-1.1646905931325409
0.5573565944701644,-0.08297752646811324,0.24797319081492272,1.0,0.9834248016875635,0.674888516982106,-0.06250054645566905
0.41633391030237665,-1.0,0.9273592019596819,0.5871629087864201,-1.0,-1.0,6.5791924879797765
1.0,0.13880287405404212,1.0,0.49654831715129966,1.0,1.0,-6.056589715418632
-1.0,-0.5664241176210354,-1.0,-0.5046366035496939,0.7060399946188782,-0.29543511925400634,-1.4787653982677353
0.45451575397104793,1.0,-0.1807822269414594,-0.2642074927565613,-0.8343961747190665,-1.0,3.490620383742703
1.0,1.0,-0.05867595094851774,0.547555516847284,0.1829949591388731,-0.6855138435240575,0.9797015129170793
1.0,0.2911027225883005,0.46807020272878574,0.22092130593194304,0.08338870849215341,-0.7093821969601659,2.5892437878881025
-0.7851610925291146,0.30818763956453454,-1.0,-1.0,0.39002888198147234,-0.003355232159851229,-0.6108411747581267
0.37475064026677446,-0.8857284733089932,1.0,-1.0,-0.992342282177551,-0.958203402984326,10.836887710955898
-0.38774553220898245,-0.30641438742976734,1.0,-0.5168847884273257,-1.0,0.5080367577931323,-2.89480160392061
1.0,-0.7387431391359123,1.0,-0.18934434290074362,-0.11243202880280938,0.5144201047916744,0.01987549373935199
-0.9341437050367299,-0.6805589052716108,0.2648571785280275,0.8084178474087752,1.0,-0.19272405073424198,2.5867887017529925
-0.7654712913556163,1.0,0.06584367531494154,1.0,-1.0,-1.0,2.9606410802368495
0.08357906045637398,-0.9053409018020553,0.438849753534858,0.647270402336547,0.2293061091613362,0.047302099867326475,-0.20755187380383222
0.906423897253957,0.1373954413434153,-0.877450281129506,0.4079862186411792,1.0,0.8299804750551492,-0.7803468148399423
-0.3444140321259128,-1.0,-0.7525409443139468,-0.1308305675566973,-0.9114925932734205,-1.0,1.5335590935963619
0.5443259477710038,-0.5328971984895716,-0.5206712474269377,-1.0,-1.0,-1.0,7.320214502147525
0.9627141045492709,0.03679724290274128,1.0,-0.07718061921123792,0.6697153925435517,1.0,-4.957983680918649
-1.0,-0.7674281912247518,-0.8639161306264382,-0.5979216736286141,-0.4168878015671113,-0.879052889006621,2.6876709228890534
0.503668475955072,0.28904664237350675,1.0,0.8663334740097887,0.48177070753354717,-0.48189863972588404,-1.81010827178559
0.26236509483756565,1.0,1.0,1.0,-1.0,-1.0,3.4247191373440953
0.5446060425811162,0.5228131662996044,-0.0014369230441116654,-0.9016663955833861,-1.0,-0.6265472215821533,3.3546785925168074
1.0,0.11143177324976522,0.31731994368521244,1.0,0.47248023870919187,-0.17739432692554252,-0.6759776272750305
0.0293863427184623,0.4934386297974445,-0.9068892099533918,0.7646872497277027,0.3478087014417972,-0.28452780589648896,-1.5870795621309215
-0.036274338109374415,0.3232644264744283,-0.9756341345499291,0.1596676371203298,1.0,0.7581461506713593,4.469989774446596
0.9361279186965219,-0.5350716972526314,1.0,0.6319866891246699,-1.0,-0.6410819946147943,6.831465770293182
0.9319572152595175,1.0,0.27511375710398644,-0.21570304019407105,0.6459649146129617,0.09388109418217105,-1.8004847178924919
1.0,0.025052073239369976,0.17943426354089242,0.632626373266252,0.15481460929522708,-0.894679382845024,4.191884040746876
0.5006038872787507,-1.0,-1.0,-0.9693481067680836,-0.6970745163860156,0.763479998168995,3.8242648022765935
0.29449380422152593,-0.5546086403949193,1.0,0.7473461384133877,1.0,1.0,-1.2728335191433617
0.39476975083246124,1.0,0.10110386754301992,0.4713026723732321,-0.3803862258622568,-0.13929552067311446,0.1491157792675482
0.9643784426165314,1.0,1.0,1.0,0.1784338944661265,0.36202338769285913,-4.761355768610604
0.012091938067505192,-0.3119313262621666,1.0,-0.29208167920412226,1.0,0.49788070867653245,-2.666137904349851
-0.7947055448111928,-1.0,-1.0,-1.0,-0.7869012538898451,1.0,1.941973545723878
-1.0,0.2698540081190671,-1.0,0.691040498620621,-0.09377221414776411,-1.0,6.039950062618938
-0.3142584240117372,-0.4753250576516548,-1.0,-1.0,0.4120499179249139,-0.19785864451207005,-2.0243722120349155
-0.1400107473938139,0.15226124191934265,0.7034194242819876,1.0,-0.7573043148800538,-0.38781795041506184,0.547957873965949
0.240784659006462,0.4540395520337832,-0.2581662546442486,0.38007686291194287,0.18325777606428473,0.6012151564252946,2.209844146105032
-0.5601671547144604,0.9019938019500405,0.6703812432012153,-0.513504327303858,0.6159317930824536,0.4511114562168061,-1.2679657006393406
-0.8788297013586731,-0.35319623507047826,-0.2498687970080533,-0.8254666864009905,-0.11538924617833773,-0.48986079068488086,0.7322194574566456
-0.3703533970766024,0.5292225985672016,0.29352418568995026,-0.20962889610758972,0.45774621479208233,0.5109769261313792,1.0396979561295325
-0.04544045315886813,-0.7449070132647924,-1.0,-1.0,0.23427327487168098,-0.9095759679671089,2.063022474240501
-0.97159114534985,-0.6703995255821389,0.4535888051215715,1.0,-0.9203683240570331,-0.23148208259975572,-2.142490436842441
-0.9068707919558773,0.18844018624381076,0.21351181604801245,-1.0,1.0,0.10155795326749806,4.876753767832746
-0.09413631559917784,-0.052834436359293524,-0.6288003168140162,-0.030338189884622557,0.5210713197761261,0.8921452812213428,3.380834123160865
-1.0,-0.07254883940862444,0.6379858282359809,-0.7775300021307785,-0.41480967415920894,-0.2566247099319209,-0.6670562789088581
0.5470075855761583,-0.09880345015268541,0.808815050683051,-0.44689510914489927,-0.2259232709561222,1.0,-0.6319664257798558
-0.3708024170100241,1.0,0.04798142761744445,1.0,0.25244838156935984,0.34596503636642606,-0.6183720589919559
-0.188788781391985,-0.7212910347419703,-0.9572097283450807,-0.7438523108367456,-1.0,-1.0,4.184348845747481
0.9443639053527475,-0.16900373050084494,1.0,0.05125022393209844,-0.8051874459890344,-0.19127015300163674,4.479982923108011
-1.0,0.2633335430236494,-0.5612633118921839,-0.638484169510419,0.08154372050095936,-0.8753422251493532,2.287424733046664
0.11140962167039614,1.0,0.38344922709772566,1.0,0.7103068170740721,0.1579734942261195,-2.4885885764768494
-0.5248163613950384,-1.0,-1.0,-0.6992221214068763,-1.0,0.7270499005989769,-0.008833347400422797
0.47092910731848703,1.0,0.8039816274735101,0.9956918362791913,-1.0,-1.0,6.0595122849989576
-0.5296415471390022,-0.4711779136480041,0.45774592054895835,0.36392077010339424,-0.3051863617461848,0.4403929232519565,-0.603989280651253
-0.08081957515655816,-0.7149834687024332,0.6570077441961545,-1.0,-0.6566681154532674,0.540858253070416,0.2475552266784748
1.0,0.7751279713952703,1.0,1.0,0.6775191495816049,0.08535057479221164,-4.971252363768622
-1.0,-0.08166597087916028,-1.0,-1.0,-0.24205685586467973,0.8415635694289445,1.9725304797770264
-0.634262491841062,-0.8336967307508742,0.9440708483085933,0.46560029290766236,-0.4595308804325522,-0.13293993500915977,-0.383137109384025
-0.6509793983019212,-0.7710801603145403,0.04913389008573266,0.013846946595975962,-1.0,-0.8411394679669549,1.3579839633854007
0.9406298323553011,-0.8132540812918757,1.0,-0.09802061732891086,1.0,0.8462685827616712,-6.599142401978643
-0.40933109300783665,-0.510186211400362,0.17900577799458117,-1.0,-0.20230118942699943,0.6215845207549834,-0.6579911474017309
-0.5014231128953857,0.4090946381945034,-0.4415632113740323,1.0,0.527776890671851,0.7773316668684491,2.4422926696074594
-0.4228335017440116,0.1875205736986772,-0.25493255148943283,-0.8148937052074501,0.3116412335254104,1.0,3.538659732264078
0.7298130440479709,-1.0,-0.012123727536236861,1.0,0.061857254321511845,0.9216741475390757,3.876152392039119
0.07549983818582295,-0.07190745485504058,-0.1341698951436887,-0.1826122906990002,-0.014519901739819985,-1.0,3.354009330064433
0.2916996747666678,-0.2555510677444765,0.38187229028808983,0.28881473339995767,-0.10834274181872128,0.211463294547738,0.09093075027255783
-0.06229417347570654,-1.0,-0.919332218714453,-1.0,0.4804265110978231,-1.0,2.8085326314730588
-0.2401382293652682,-0.6797876494256034,-0.7918978519894156,-0.41912532930771007,1.0,-0.27273288992530664,-1.6115974913802777
0.2310485464291448,1.0,-0.5106521077413994,-0.3039650087571386,0.5053688233033135,-0.97126653040317,1.335655993011438
0.788824653293638,0.2989755482594651,0.8099383457434861,-0.8232371060859079,-1.0,-0.4182323745951716,3.5813492881996845
-1.0,-0.10757324647415328,-0.16024778876183826,0.007353602826731254,0.36268368553957153,0.9542659922929575,3.063532525609367
-0.5039587909270038,-1.0,-1.0,-1.0,0.09915745339024387,-0.05124374281427471,-4.923219889347492
0.5526194161094621,0.19071347751979723,1.0,0.0580414637905553,0.2735766214964612,0.04845381714511898,-0.7677324529504973
0.5920203083949354,1.0,-0.22230934101003264,1.0,0.5889569946936136,-0.11379754130525488,-0.1034552539826355
-0.9326732909723512,-0.7974285263371115,0.2754943737144077,-0.7733748759891972,-0.4535360554708674,-1.0,5.041096104832983
0.9347044167281353,1.0,-0.7311281067752757,-0.11254603733052335,-1.0,-0.9367845649996964,6.282672975425958
0.7364728313891956,0.3131267148696855,1.0,0.8654344905028502,-0.6227408077360639,-0.07265046103382522,1.8224118873569823
-0.22229049544065704,0.014800308902548576,-0.6970200785976758,-1.0,-0.8128701531946343,0.23032825381494698,-0.37922993490064505
0.0923359380693396,0.3101145087885328,-0.3482711285774815,-0.7350583897222391,0.6413590992324418,0.07202933179489512,-0.020831365261464008
0.128900183901689,1.0,1.0,0.20987669936515174,1.0,-0.2024927925478271,-1.7624216095530025
1.0,-0.3282829684680249,-0.008552171739579395,-0.3957799671532687,0.23120451811195797,-0.34342031672186657,0.5754674021939119
-0.4245437773365808,-1.0,-0.7960828000458935,-0.1968633279456658,-0.658345023690561,-1.0,1.5180876884185623
-1.0,-0.4807886453475607,-0.7869787071336297,-0.27862600523756464,1.0,1.0,6.836791515969862
1.0,1.0,0.8305020075136655,-0.2637405628438264,1.0,0.47476935540793774,-3.0779589013338176
0.18592281173191458,-0.62064360102843,-0.7026977538177512,-0.6762878363273743,0.40520338234266584,0.08177348319387634,-1.3252390293878331
0.5232657436666646,0.3566335640600348,-1.0,0.18382693611889867,0.8214169752041576,0.6006051018866623,0.44659646371715084
1.0,1.0,-0.2971545173984721,0.715205179261312,-1.0,0.3895943557533406,6.409979453746434
0.7481267175306132,0.22198172859133902,-0.35647391825508046,0.11129136989043076,-0.9730001878010066,-1.0,3.9666110780695596
-1.0,-0.03168663903066893,-0.34655629657900255,-1.0,0.5805496131940964,0.0271625748920008,1.25582637374005
-1.0,-0.1257597125020289,-1.0,-0.1384386286741759,-0.38205105326547656,0.21239828793564208,-2.570985156649722
-0.10682514173256827,-0.05979693938670472,1.0,-0.09450861747642894,-0.5362924268684351,-0.7488424740655263,1.3837530316722275
1.0,0.07830584880472458,1.0,1.0,0.4840929420037622,1.0,-5.348398689768774
-1.0,-1.0,-0.6338259475303856,0.6380238202247951,0.3385167617734202,1.0,1.9047883336123492
1.0,1.0,0.024039323424074083,-0.7917730022532573,-0.11813792125292341,-0.6216517089875282,1.1338558066638713
0.392545189661647,1.0,-0.11139311668292279,0.7595394639871649,0.7289579906257508,0.07889613381816818,-0.285952405553469
-1.0,0.041378484560386175,-1.0,-0.2738992822957969,0.6031513324399582,-1.0,6.16488570261275
-1.0,-1.0,-0.3767640778241579,-0.8142383147347958,1.0,1.0,1.158053738556301
0.7629769654340948,0.3263491859023599,0.1026037147182175,-0.37637344159703834,-0.08323167061725145,0.5351210763498186,1.0661493954601529
1.0,1.0,0.4853146407318778,0.9904339730455414,-0.4189477811460227,0.34375321719154645,0.7522012329574376
0.49419984659018446,1.0,1.0,0.3036992100716471,-0.024521938756608366,-0.9582767106455655,-0.5147036215216325
0.9843713423514517,1.0,1.0,0.952056329454912,-0.8119271270342912,1.0,0.08483518421818337
0.7752309359068774,1.0,0.4252099198890792,0.8168000643380756,1.0,0.970675955541098,-1.17095817925639
-0.15504928238996757,0.578808898718294,1.0,1.0,-0.40295446671631296,0.02192832470297873,-1.6371256756002364
-0.9688808760868657,0.42951166047924094,-0.539997516661486,0.6232232625996951,0.8415162072519575,1.0,8.187774606737369
1.0,0.6059861484265817,0.7878145650901835,1.0,-0.20814693669340126,0.90258812874129,-1.0021974751119784
1.0,1.0,0.29699814579483474,1.0,-0.14057496012527937,-0.4858982072557493,3.8229955237728563
-0.04502476645732756,-1.0,-1.0,-0.4449873397887252,0.42606648739153896,1.0,1.2619834082283536
-0.5108532392121543,-0.9097527030861584,-0.6548010240287438,-0.999805078403508,1.0,1.0,1.561118295570548
0.08808145124370048,0.31389853817280167,0.011081027872939492,-0.17312900080824695,1.0,0.12337905312334929,0.33810782734659983
-0.4406629301922964,-1.0,0.1238296138347546,-0.21912458197463214,0.1849276380381214,0.5372608236872727,-0.39067659199335897
0.8507808927014886,0.8496783045445782,0.006038443849254893,1.0,-0.13151020537400598,0.6859819113065369,1.6887150307662449
0.5732924962348138,1.0,1.0,1.0,-0.3763036341975018,0.40695708241027034,-2.3941099742558505
0.24757842953393605,0.07372828165793699,1.0,1.0,-0.6211668383723825,0.2280331355619456,-0.5669275479575793
-0.12822207196946983,-0.6475947538491174,0.13791713038817666,-0.014820459028919819,-0.4155248251966957,0.4486453880875401,0.01773614448742465
-0.25219630858595776,-0.37618279898406404,-0.29053638510877877,-0.9907244558047086,0.04365428929881976,-1.0,4.1646066587897455
-0.7065533291688326,-1.0,-0.7975320347781905,0.014727266387743368,-1.0,-1.0,-0.4081480813861687
0.4247429994224181,0.011961512789776307,1.0,1.0,-1.0,-0.5301777714354413,2.045166858353774
-0.11977885188954729,0.45991559863074316,0.47501862020359126,-0.5746927943063149,-1.0,-1.0,0.3109565562189354
-0.932893899320004,-1.0,-1.0,0.16619764997338404,0.19313825893676673,0.9113819025112739,2.2828109703664143
-1.0,-0.2947972477202312,-0.5329423142892538,-0.37502456835261455,-0.8461368003950615,-0.4380893763804692,-0.878407238355405
-0.6423593733784269,-0.432766272665724,-0.2175583321921568,0.9151840034066621,-0.21875782132012078,-1.0,1.6392318930400658
-0.6748798227007898,-1.0,-1.0,-0.0804859064792012,-0.5870846498785083,-0.9102141372669514,0.5375372657908128
0.5782119402021773,1.0,1.0,1.0,0.8119734654099224,-0.7172307688861256,-5.97547387996576
-1.0,-1.0,-0.5830353488977634,-0.1605067050615947,-1.0,-1.0,-0.13104626177034984
0.25114473034967866,-0.3508354909134926,0.46498666115204934,-0.7001132868149258,-1.0,1.0,4.016518430654629
-0.5524172623881979,0.2525600691833964,0.9062585493214299,0.3669649410417737,0.99980179883582,1.0,1.4729297085846278
1.0,0.8933340428822589,-1.0,1.0,-0.989683535090445,-1.0,11.180273560952974
-0.7904946253808176,-1.0,-0.8002380342602999,-0.07127851502041183,-0.05132441831347401,0.26094284342168794,-2.2527963529557518
0.3771262793437373,-0.43413291611128824,1.0,-0.3536436302559443,0.4453875973311604,0.019377708488869827,0.2760609658642277
-0.7109582599540349,-0.09480634752675682,-0.44419461059033244,0.209988483667773,1.0,1.0,7.208062961325339
-0.32980221983126534,-0.4853314553003223,-1.0,0.7789517341668821,0.3656843551028752,0.4607899190172072,1.3785255269465697
0.9869113824828397,1.0,1.0,1.0,0.13198230324781313,0.13453436997826151,-3.470704266061861
1.0,1.0,0.13981437587965523,0.6138447508090231,-0.19178244739551897,-0.849898501768036,4.977495839788565
-1.0,-0.24239772802903126,-1.0,-0.7934654957864984,-0.17384552955167376,0.376657383665537,-1.2086713099221507
-0.5614776762354973,-0.029207605829683334,-0.24755768091426425,-0.2251668989812622,-0.7743323089938088,-0.29190426257080504,-0.6481635526931347
-0.39710760887179686,-0.7321308335007772,-1.0,-0.5496481438410394,1.0,-0.2784498646176576,-2.075326439833645
0.1946760105479024,-0.48775578265608077,0.377669480278667,1.0,-1.0,-1.0,4.679336159603477
-0.38227579378389165,-1.0,0.24285217042400759,0.5135248242808712,-0.2948664955518632,-0.12962157458731705,0.1620925267595285
-0.6374580763076692,-0.057602913686505164,-0.8077956095379699,0.4934028776984537,1.0,-0.4476409236500234,1.199616994661882
-0.6405665470062953,-0.9757137557840558,-1.0,-1.0,-0.11294924019208463,-0.17568904695387988,-4.655390256283569
0.2003530299195021,-0.18906493225344878,-0.3965219944428106,-0.2916604858119565,-0.49802604778658366,-1.0,3.230923950176127
1.0,1.0,0.5912824274388073,1.0,-0.6815207009059173,-0.3138167825091578,4.093632232769507
0.23833976161347015,0.5091703131148884,0.9307827451183174,0.2010553924225771,-0.5533921799522197,-1.0,1.4736590728737498
-0.35251382781898194,-0.5452738015673539,-0.7917374158749737,-0.0635532152744582,0.6382655423314116,0.6476291795979012,0.8982884984375226
0.5910606999038928,0.4505892055001591,-0.4845086082662099,0.5418268312019022,0.09711429474532013,0.69908947076624,2.042790205763731
-0.9746596815898108,-1.0,-0.7156624693584983,-0.8351795118237222,1.0,1.0,1.1975695871669378
1.0,0.7260532323795856,0.27582908911524906,0.9228431598261462,-1.0,-0.7874289367363924,7.646217386511579
0.4535511740743695,-0.6766035232982786,0.08171676739665351,-1.0,1.0,0.7866200038270799,-0.25062819957282967
-0.4053929765509451,0.16532058268292488,-0.3858819715852819,0.39923440268728994,-0.8624082678156064,-0.6730448674433633,-0.28928989034499203
-0.8569125261016912,-0.8989631630376284,-1.0,0.10148528381488059,0.32226023280468535,1.0,4.296563712758498
1.0,1.0,0.007037219372154402,1.0,-0.7117654662258639,-1.0,10.340263400140266
-0.8174813458691812,1.0,-0.9686536363057122,-0.9106701944999641,0.7039298410546998,0.010774452684312652,2.7959699072124686
0.999265645032653,1.0,0.616994861015476,0.4896549860920268,-1.0,-0.6835742657171349,4.260811578148415
-1.0,-0.5312862311696076,-1.0,-0.3068173258747495,-0.0878908682805476,-1.0,5.296469589015192
1.0,0.8145753220875864,1.0,1.0,0.5260906685507427,1.0,-6.6422349488172845
0.11236832416790876,-0.19982633605764955,0.4094316418820917,0.003009008744373154,0.5196211008664396,-0.002118257501182219,0.19478483708423128
1.0,-0.28936145254686857,0.1471564144287847,0.45281731477845666,-0.17183883383331977,-1.0,6.830766180145824
-1.0,-1.0,-0.28155001631290055,-0.08359569716192738,-0.4642169922222077,0.010827768043788766,-2.8153417672700067
-0.3514129953353876,-0.23903983409931395,0.24263242622351544,1.0,-1.0,-0.1904007021094285,0.1865366460630534
-0.29456771195681375,-1.0,-0.21024240517293458,-0.6521287553169455,-0.7970784941463098,-1.0,4.514251517156129
0.015503750849179099,-0.1813145638764636,-0.11416328374634213,0.4792114849763397,0.6629085370730243,0.2865834745693743,0.5192659662181702
1.0,1.0,0.5897387596144439,1.0,-0.03306290250530228,-1.0,5.427877549634697
-0.8468383708562739,0.6070049890864532,-1.0,-0.3446111367290632,1.0,0.17082363785655885,0.8328792933177117
-0.007184829834546269,0.8477630924685565,-0.8333070745859632,0.3454470712151804,-0.29785981655130794,-1.0,2.913497334379299
0.2459046534388653,-1.0,0.6774090305979353,0.13590618029592083,0.6113584756618892,0.4319766051505829,0.9430168867566407
0.49928170299436925,1.0,1.0,0.9229841667130354,1.0,-0.26976336088321584,-5.7849472129537265
0.7204737173778757,1.0,-0.2925754673886044,1.0,-1.0,-1.0,10.234579454494689
1.0,1.0,0.9384434776324243,0.6460213246419233,0.22684007525470196,-0.05183208971258024,-2.9897332381889896
-0.30130331942838207,0.10940279273074947,-0.35586788007771586,-0.7231061988893068,0.8000428753072499,0.5879863905091169,2.697598087465452
0.4147152229456248,0.5632119632132442,1.0,0.7142401544851504,0.8341153486130598,-0.5277031002231563,-1.5393059752266036
-0.674100979820845,0.619297893382717,-0.040513301365227905,-0.16719686052808022,-0.7526635591918811,-0.4713510080689991,-2.3851401899906532
0.8170854395045076,0.033658089038040795,-1.0,-0.4382448782317421,-0.13817347479069864,1.0,4.442990677670341
-1.0,-0.17089725851494594,-0.3165964878856052,0.8849625339005809,-1.0,-1.0,-0.6533356432356043
-0.5245005576169415,-0.15542610151746927,-0.18535961616057683,-0.9506941217184186,0.2929008792206701,0.4889226599576204,0.18395710757834838
-0.24783085476307135,-0.27680402749731536,1.0,1.0,1.0,0.3745339532090024,-2.743673965791876
-1.0,0.6893982668248188,-0.8688903437620679,-1.0,-0.16246095627394377,-0.3962909995851268,-0.5577735421799603
0.030316614623307925,-0.2133425317207902,0.4946804372810749,0.6727953929237278,-0.914112133491868,0.2585720449288713,0.32506358491237364
-1.0,-0.45699415261916443,-0.9469049482163597,-0.8055230974247853,0.6310969638653426,1.0,5.152203428603904
-0.21514880508994272,0.1734797460748183,-0.9877846835330006,-0.38133673176498983,-0.8189808226493558,-0.3364490133013083,-1.6083362862502943
1.0,0.7812480172306187,-0.509421406222051,0.13752343921006904,-0.6005061778088202,-0.1648299800777122,2.3009889163636985
0.12024721147275019,0.4003486564381209,0.995916090263796,0.5279399932190438,0.13127788711443988,1.0,-1.9121444475315577
-0.9231667857667977,-0.009333004024699665,0.20268429426673062,0.6191333177846936,-0.9633254783223426,-0.8214916868230313,-1.6367228549925983
1.0,0.253826673781832,0.6835226373126709,0.39308954108998173,0.8069121995386517,0.04226847953269641,-3.1013497368468785
0.23503482903429407,-0.09003728726915972,1.0,0.977080947144187,-1.0,0.11438201237689682,-1.3470554903462448
-0.07423806965091401,0.27454941448904746,-0.14816925219742838,0.8014712102652854,-0.7624590389327877,-1.0,2.1841060239346586
0.14965085204568318,-0.4431037421620517,0.758146104871227,1.0,-0.9675936990381375,0.6243038627486547,0.7863660241180558
0.003832631826919952,1.0,0.05924201595468881,0.6397595911096792,1.0,0.10123502775151161,0.3665108411701451
0.6732646045842524,0.04888014774401328,0.3874293766175361,0.6710824352066471,0.8533590591408389,0.05997416807121736,-1.5203807827759
1.0,1.0,0.7716253029694078,1.0,1.0,0.7585478137931572,-7.61914077676536
-1.0,-1.0,-1.0,-0.06001414024521745,-1.0,0.028949579035664585,-6.603873732116674
0.4792857027407249,1.0,-0.8958101518309263,0.11304360006882716,-1.0,-0.2971405447716209,2.5279305874427735
-0.6558140437209287,0.053963610234758486,0.004559108062335282,-0.7941930655606193,-1.0,-0.5717818888855277,-0.19076410196797783
0.27955639902869533,0.22812935528038647,1.0,0.4675855841502654,0.7302015621963662,0.22438364675482858,-1.5579341548476828
1.0,0.6851244608554176,0.19450569325092504,1.0,0.6644482174791031,-0.4584304876561657,-0.8862450505205417
-0.5360970251024288,-0.6282495874714475,0.2802039714211738,-0.01908070392104466,0.00042912776988113244,-0.10460141257208311,-0.8268614707431678
-0.9450283779661997,-0.3620377472353995,-0.31077213766692713,-1.0,0.16676570082960662,-0.9047054089647923,3.6574719777036604
0.5594283460742356,1.0,0.5122123319993421,0.5733805668466319,-0.7744338208012425,-1.0,4.3598549901749095
1.0,0.5860192148774594,0.5301848702904102,0.8751708247558022,-1.0,-1.0,9.492645029285057
-1.0,-1.0,-1.0,-1.0,-0.8973915041892504,-0.021624917753974682,-3.03305350042742
1.0,0.6147515986237468,1.0,0.6480706157426517,0.10392206229463274,1.0,-3.0833442977888725
0.6297298207004252,1.0,1.0,1.0,0.7955558898594977,-0.04675635471930871,-6.032303454565325
-0.7070812966847919,-0.18859182026121624,-0.4273868103240135,-0.34325255825690504,0.6328833049664339,-0.13872088179513634,0.49382011583761265
0.7970687406841791,1.0,0.7846093289814255,-0.6369807398911991,-0.15175972111253477,0.09138402595301698,-1.2041209379867233
-0.8011780893933194,-1.0,-0.12905746616389502,-1.0,0.2308535870570404,-0.2823094072853496,0.05097169171882899
-1.0,-0.22951604965753725,-1.0,-1.0,-1.0,-0.40503964292837336,-1.8002422879856068
-0.6289934210029675,0.3875973066595083,-0.761005416273361,0.018654007620550583,-0.4036534001226362,-1.0,1.7435152943716803
-1.0,-0.3932390675812858,-1.0,-0.038682624822315326,0.7991255044855138,0.43856303109480677,0.6665188993684782
0.372528944002569,1.0,0.7846358102015438,1.0,-0.9244529165138231,-0.5385662517117855,2.9412818285702027
-0.5027015006556708,-1.0,0.054489228052684524,-0.6540150023226833,1.0,-1.0,7.297977939023823
0.6066479262938511,1.0,-1.0,-0.12729628517328295,0.32243069700948057,0.016177742865526756,1.0167124452807788
0.6609896608754222,-0.6104343640437622,0.3983066087968743,1.0,0.4427449073135663,0.27996878946271897,-1.7486351597651484
-0.3767019233781689,0.9181898457685242,0.9009557031651829,-0.6608032363174252,-0.5480841773064922,-1.0,-2.3112194353434847
0.32530875678585425,0.003780933915923712,-1.0,-0.7429188561497939,-1.0,-0.9031491513269734,1.3995920338159138
-1.0,0.7956897158233547,-0.33337513861974,0.6521791076131399,-0.5226692819196419,0.23428039189134653,-1.1802009978303434
0.3777164060341902,1.0,-0.90818437426552,0.2031497803953658,-0.34290813116820695,0.02798897696477118,2.752151083575241
1.0,0.1945774456110031,1.0,0.950493270373432,0.7629017171460135,-0.5798020996485922,-2.797074503252632
1.0,1.0,0.23580641363468025,0.3914693917196346,-0.5280572737360918,0.02550239041583857,1.0757336509390274
0.12056203724931527,0.06868241786797769,1.0,0.3799778162262186,0.3881305094395806,0.9205902975926376,-1.3596272028953609
-1.0,-0.7924518425583533,0.31694752853179425,-0.3846848035817354,-0.6047467612973882,0.07562388961624444,-2.131805868317345
0.07724084810972895,-0.7885295983137306,0.95079216609085,0.13613742909807408,-1.0,-0.5041523624613087,2.5901144989841445
0.3068221828503993,0.5289401950369248,0.017184657342228293,-1.0,-0.28480659303293776,-1.0,1.311732993467044
1.0,-0.7053715076687754,-0.2737419665330982,0.772747168345817,-1.0,-0.30054152601713824,4.390716494774466
1.0,-0.9844506983287157,-0.47397804162275714,-0.8464491574833217,-0.2637419069005176,-0.07627183427422835,0.7513752462467674
-0.6912925153624278,-0.8729137412170147,0.4818895588083787,1.0,-0.23158683205502784,-0.33935718792193287,-0.7088672663811881
-0.4923452531612125,-1.0,0.6223106736121062,-0.2543434247165073,0.39770232131697125,-0.34502085343646216,2.9306941908863084
0.23134164758889642,0.8778326556394165,0.8001066308001965,0.24250453388350213,-1.0,-1.0,0.9055824962862247
-1.0,0.9427056005511499,-1.0,-1.0,-0.16404600950021664,0.9789492925721152,12.023521251973811
-1.0,-0.5834095548416021,-1.0,-0.6672187227096382,0.31711893791784773,-1.0,6.037324400194099
0.4019854437053063,0.6460874117726674,1.0,-0.27846592847477436,-0.27626927002866314,0.2636153601546837,-0.8083349824244005
1.0,1.0,0.34116537016080817,1.0,0.04226946943313692,1.0,1.7442608628666076
-0.6763771607377039,-0.1627949437423304,0.3376458007684009,-0.2564397670447074,1.0,0.04066668938738882,1.0059469090850823
-1.0,-1.0,0.36958033247071487,0.10140505956330359,-1.0,-1.0,1.4399148453658681
-0.6006985498468838,-0.47181335753876996,-0.14430932131011207,-0.6508089341385145,0.9551354164954142,1.0,3.822138607184406
-0.17887883150177597,-1.0,-1.0,-1.0,-0.4747620037948499,-0.04263058072181369,-2.6297580715930664
0.40128994799377987,-1.0,-1.0,-0.15505929084173276,-1.0,-0.45532730173688085,1.6011785391585351
-0.3725452763240248,-0.7756515742066301,0.41854198510817464,-0.832170151114539,0.2945949836259516,-0.46912792188059066,2.4593584650091675
1.0,1.0,-1.0,-0.28777168965606437,-0.3151616871965133,0.36873576057368784,4.036247973378886
1.0,0.1589132561136986,-0.9514412905229823,-0.4225138247301383,0.33399979890025044,0.20004631195654737,-0.3108568017497546
1.0,0.000359114848835107,0.712224373305052,0.8356422949107711,-0.19469441641467322,0.04747579932197829,0.029852563569803647
-0.37319038107605973,-0.6858873748195196,-1.0,-1.0,-0.07283757364313015,1.0,2.499711480392966
0.5908706980260955,0.9040816077940866,0.2456392475152812,-0.20186766948716756,-0.06245194833594986,-0.5396796663022922,-0.37837719671896136
-1.0,0.4664699355484226,-1.0,-1.0,-1.0,-0.3220797488558136,-1.5766985306548795
0.9996193868855336,-0.339460180097674,1.0,0.140828898272924,-0.36853522779089065,1.0,0.2878528424627982
-0.5048025639871084,0.03219906708759113,1.0,0.8622693232602456,0.8420971888679462,1.0,-1.1227695415373897
0.1318189872152012,1.0,-0.6712261838681306,0.15159390644215165,-0.3836996304911835,-0.8530081456486415,3.050037647578468
-1.0,-0.8842309835784431,-1.0,-0.904660567164608,0.16611176942984535,0.016411953039847993,-5.814076724421318
-0.35863924454888746,0.12132501655615532,0.5418333452920729,-0.015602745267416174,1.0,1.0,2.3186903589879453
-1.0,-0.858378843793059,-0.8060305185800045,-0.031471424418863025,0.315340460286303,0.43682276086653604,-1.5507940738841526
-0.05540059853688395,-1.0,-0.449393395232625,-0.9881255629788632,0.4066006318905784,0.1867034048274569,-2.1361656238058306
0.45064058545276386,0.0984129807560214,-0.8945316962777077,0.0037189804698307127,0.7351544940025643,0.6757061970611149,1.6913441364194348
0.9373831179809355,1.0,0.896701711472331,0.2989742651164844,0.8158351253295479,0.8882407989288121,-4.700585115424613
-0.4691194555927549,-1.0,0.20526043609654293,-0.3584232224255846,1.0,0.06785468518241317,1.9432010530702526
-0.24011082381980764,-0.721762463395028,-0.7631358209149162,-1.0,-0.6364317344148207,-0.9236435452560905,3.6107271148393223
0.46461804753221303,1.0,0.3176952906459557,0.7736651415020193,0.9295740497281951,0.889757042385598,1.0245109649683557
-0.6066018487016196,-0.354733775229891,-0.10973494168911607,-0.7960607286023074,-1.0,-1.0,1.927284053132938
0.7982749817994594,0.6266225004021198,-0.8873645786820302,-0.28017149706779537,-0.6014074222400521,-0.4765215002156184,1.5808222510245669
0.7669783195786973,-0.24679207402508252,-0.16679168042193526,0.1485754385590825,-1.0,-1.0,5.641076975220834
0.34721445134110596,0.6293806794167408,-1.0,-1.0,-0.16883102372858383,-0.4956687658038097,-0.2899799344711531
-0.2844409236186817,-1.0,1.0,-0.3592295279595765,0.9081064177410162,0.27364417073774727,1.7028686521744416
0.35268277238226053,0.4545190581938967,1.0,1.0,0.4321404206395417,-0.4811094499024904,-0.8235730651582859
1.0,0.46339035456661315,0.6315642839179239,1.0,1.0,-0.9598720074186726,-0.38616040655502715
1.0,0.9079059114527199,0.5545182121742287,1.0,-0.4554390218722255,-0.20318299107535376,3.0467450453723406
0.2242362127877785,1.0,0.9075510695610293,-0.23130634919801907,-1.0,1.0,-0.13648646956132632
0.8815686508441848,0.616499539826175,1.0,0.7712545244758858,-0.8471229850822443,-0.17156400860114607,3.249180765817941
0.20931888923296302,0.028039334402565563,0.47762891031194754,-0.3577519527092389,-1.0,-1.0,3.508869132764246
-0.4558549586757225,0.3423709042857535,0.7512810223964587,0.9025706709749635,0.4876702279424574,-0.9265063099038656,2.3705313282267775
1.0,0.8794470665944485,0.7984304701478406,0.9148161313045357,-0.20356725743563103,-0.7715857864182092,4.0351980501866125
0.7245074652819954,0.06724792545249669,0.5249647347682265,-0.17370436368109332,1.0,1.0,-0.13961054351676044
-1.0,-1.0,-0.4128153897488244,-0.7221177524347879,-1.0,1.0,-0.286209164540126
-1.0,0.11372347345021727,-0.20292549211570132,-0.6071436851325664,-1.0,0.5834289859299134,-0.9597864690116956
0.8404112360920657,1.0,1.0,0.7059621579937074,1.0,0.17396433295238567,-5.796483720491938
-0.9357444827313581,-0.4377574350955574,1.0,0.18267255718852715,0.010316041712112312,0.725190029806277,-2.217974897646041
-1.0,-0.67996635388246,-1.0,-0.7876653668459241,0.9863298216697947,1.0,4.238943794808515
-0.4627877465688546,-1.0,-0.4883094507133984,-0.9946283550212729,0.7632282856310054,-0.3885873079056805,-0.5693960594967631
-0.14229131248590976,-0.443857259516345,-1.0,-1.0,0.17489941444342638,0.6547089263120407,0.9975935703069548
-1.0,-1.0,0.713084509461825,-0.2468153442761779,-0.3333832394380072,-0.6299592589423586,2.8532301531604745
0.006725615172452709,-0.41520546933701186,0.5773745113720834,0.7357654650957969,-0.23894547456414594,-1.0,2.1731438206928018
-0.12140351010546246,0.866045582982806,0.9926057189744932,-0.3213967995195927,-0.3023822369125753,-0.31676988390158656,-1.2457953076654187
1.0,1.0,0.9868685411593501,0.046896639473389845,1.0,0.034186210322224866,-4.813604541287873
-1.0,-1.0,0.7849245566788652,0.024343237645582383,-0.5224098149484924,-0.6851817156879453,2.3098746072065133
0.43323935146206394,0.8088962176245673,-1.0,-1.0,1.0,0.005791947991413804,0.25629284336062075
1.0,-0.10315322263852889,0.2282029005817798,1.0,-0.32467633383243055,-0.8860985031798534,5.26544866923636
-0.16099237548512702,-1.0,-0.45788179627883574,-1.0,-1.0,-0.07290782889563929,4.0717989010311655
-0.07546096649262579,1.0,1.0,0.33614178886587665,0.4064966082400655,-1.0,-0.6479088189838091
-1.0,-1.0,-0.1815196819196898,-0.6487891064665197,1.0,-0.6676231589421269,5.635701820416927
-1.0,-0.2650827915998877,-1.0,-1.0,-1.0,-0.2941261921255973,-1.6352982763113846
-0.13797143185457283,0.2436076035858658,0.05334247208973847,1.0,1.0,1.0,6.455670894148394
0.9710044520130015,0.8864612273426786,1.0,0.4584300744474874,0.2055590130364749,0.3317673923079452,-3.505466714666868
0.11977815325958852,-0.6787410999668237,0.508353815325842,0.07611826763052354,-0.26885119220657727,1.0,1.4486892812218053
-0.989772949766637,-1.0,-1.0,-0.669764137427967,-0.05906538234761238,-0.4865254125345023,-3.0366184830199123
-1.0,-0.03931128147464846,-1.0,-0.8451158523920708,-0.5839084374899569,0.3288457198399668,-1.8297086902103388
-1.0,-0.788421740038096,1.0,-0.5180464145792498,-1.0,-1.0,1.839138668493665
-0.4643490205393259,-0.5780743887728115,-1.0,-0.9096617280147281,-0.5300750013579683,0.426147081997134,-1.3890742668795397
-1.0,0.25723459170887697,-1.0,-0.28312923829528547,-0.4233434499176679,-0.7864359291195813,1.4592191240119383
-1.0,-0.8519975465590328,-0.5009825435675588,-0.13686192280968656,-0.929286614806347,-0.6684087736489701,-0.7217461050522198
-0.04183743657370467,0.34297173778709955,-0.8842435150460592,-0.15425885258190142,-0.30359418879309263,-1.0,2.026321250243698
-0.4162835747806064,-1.0,-0.04012502568344756,-0.3214788662088197,-0.7820647188798684,-0.9397924388851229,2.8502220517492827
-1.0,0.9031011360937952,1.0,0.29331152165869656,0.9105875666650114,-0.24147903557728156,-2.4305693768592374
-0.5753656585654476,-1.0,-0.3148736158289409,-0.35640488123386604,-0.5322377494335274,-0.25191699787277755,-0.6049765274908879
-1.0,-0.7561178265140316,-1.0,-0.25642731155248066,1.0,-0.41298628411224925,-2.422397149787065
0.9933199890705956,-0.08102214880704306,0.8433217514707065,1.0,-1.0,-1.0,7.81592206933597
0.6818992284262126,-0.4608704854377704,-0.08085437765262682,0.7539191859865488,-0.35813146328560896,-1.0,5.0801496500818795
-0.07639447337306127,0.20325182243391537,-0.4378114502445867,0.17198668861383787,1.0,1.0,5.942067787087536
0.6875029200149523,-0.2789204624230176,-0.4063708654773339,-0.3531085999624699,-0.3066102482953805,-1.0,3.7508138507100695
1.0,0.08238533256883018,0.6369620810915431,0.6366228845085486,-0.015499558282084602,-0.5309706366261597,1.5449264922304886
-0.7585045668750516,0.9341669509436863,0.11713061079104897,0.3199607975242549,0.04277369234457584,-0.449193579083388,0.014863049867736067
-0.5324864311913405,-0.21274651169904274,-0.142242063816596,-1.0,0.302209034771287,0.24731387038361727,0.5850582897926331
1.0,1.0,1.0,1.0,0.2855452038851502,-0.5183666038924484,-2.0227228985640013
0.9608353052000451,0.996620863334976,0.13178701132478476,-0.4658502797440641,-1.0,-0.23263900323722275,3.802798645039265
-1.0,-1.0,-0.3904752804430067,-0.14480376094765335,-1.0,-0.31342499300168847,-1.9815274222322325
-0.8523400565501602,-0.8933421474413199,-0.553316986754472,-0.7577032759633046,-1.0,-0.5361879801736142,0.3916713745433117
0.3788264453970017,-0.3151131040768504,0.5164059462466368,0.3387853447958863,0.2865049712385145,1.0,1.430819518706299
-0.7427687782861623,0.09057578080977863,0.8493093292221422,0.8400906016486233,0.7653336414034858,-0.7854946288596749,2.188528049827119
0.09293361802770324,-0.5147121307217895,1.0,0.36105166364888547,1.0,-0.580825042408342,0.23141617066153242
0.23646232763287023,-0.15572897989182805,-0.3635797164928879,1.0,-0.6303513539799839,-1.0,2.999655399149019
-0.31341520236775183,-0.2772338100445788,-0.84573108775764,-1.0,0.07387857521574454,-1.0,3.4498835109079717
-0.7761368256601069,-1.0,-0.16238077130801165,-1.0,-0.6078188344536462,0.7619207315073131,-1.503220630659664
-1.0,-0.13727640340692648,-0.9727380311597364,-1.0,-1.0,-0.7642980718059953,0.3044552434463847
0.6241518886510767,-0.446231081214345,-0.7789513504710395,0.27610337995014195,0.2661607462436092,-0.02962758353178241,-0.33610017767112815
0.738047442858668,-0.8439836870380286,0.44373211487372544,0.6979799833350074,-0.2958005521540682,0.7228808321689948,2.8572615251172944
-1.0,1.0,0.04492315027219941,0.16503392708711284,0.5840945511332714,1.0,4.90896242251887
-0.400073339705736,-1.0,-1.0,-0.6994454999686486,-1.0,0.8950446578033743,2.6210634988970294
0.9403309238922193,0.21931524340164799,1.0,0.3963524189427342,-0.5632580382443622,0.18475064455869494,1.719712997189146
1.0,1.0,1.0,1.0,-0.7301814729348368,0.586263492706821,2.1242775432676066
0.021653814582903663,0.909403445567024,1.0,-0.02621081097633402,-1.0,-1.0,-2.6712343448152103
-0.7798673988690096,-1.0,-1.0,-0.062186332062624805,-0.7336494471631047,-0.07883131304880697,-4.54094999484728
1.0,0.2781065638169803,0.9616873587328032,1.0,1.0,-0.18367829749433642,-3.906681362322975
-1.0,-0.4422551531961231,-0.028697619316439438,-0.6551967848088129,-1.0,-1.0,0.2700702286721918
1.0,-0.35604839309900066,1.0,-0.44515152463743757,1.0,0.7885650213161668,-8.222526479997226
-0.0005167649222144327,0.4986829390221502,0.7845576509733614,0.5075653530384729,-1.0,-0.6724563319166841,-0.23788943941915985
-0.6194452702125207,-0.8746146083654796,0.6012047432534553,-0.740127868595433,-0.050299753905867606,-0.604839970002639,2.2443214057165193
0.9960837939606045,-0.43495679524115993,-0.09168761912377363,0.8482542229193912,-0.5270733974632922,0.8898234942947225,4.648075188675053
0.26624538473460513,0.3548231695123152,1.0,0.31625817710872695,-0.5672976381629969,0.4182558840580137,-0.7005976385768697
-0.6691492675792611,-1.0,-0.9560279756441612,-0.7129486332435131,0.07239805069200012,0.30459830727992443,-4.764558787922714
0.21003338165084107,0.8825473681904197,0.2244576210435958,-0.39707623634133243,-1.0,-1.0,1.0259118805634617
-0.18620141708171056,-0.3430524776258439,-1.0,-1.0,-0.7731533111284518,-0.46715848884219136,-0.4143277504528041
-0.26979338149424326,-0.14953902270681613,-0.6493380432032108,-1.0,-1.0,-0.9450737082447522,1.0455133939473769
-0.1382319477660433,0.38293907292152773,-0.480918862445881,-0.28567234991295765,-0.28643757987837043,0.03866618505756969,-0.14538522228785283
0.6746411506953028,0.24637214497487703,0.6037330185650718,1.0,-1.0,-1.0,6.771311285109007
-0.7403589173089147,-1.0,0.6820514213630544,0.07912692349274142,-0.5786911175283389,0.10185524813814875,-0.1814667878274024
-0.35618931600093817,-0.6165975349340823,-0.8819019631243801,-0.40756834990515867,-0.2551523452803117,-1.0,3.5713097571839323
-1.0,0.7220615771338889,0.30383204284231785,1.0,-0.3237288125886953,-0.9273073975548589,1.1150995671119137
0.8727831124578578,0.9956592102739762,-0.3557355330854863,-0.22496393001192996,-1.0,-0.8052846256895938,3.8774149453134927
-1.0,-0.7901767764840189,-0.3505805682213703,-0.31391902991880566,1.0,-0.15067753595604083,1.926155508370942
0.2156392036891972,-0.6084437326028781,-1.0,-0.32040583426363856,1.0,0.6770555518675204,-0.17795048901254482
0.3531994054300363,1.0,1.0,1.0,0.8504304983146938,0.05399292310346854,-6.059026320540181
-1.0,-1.0,-0.55110144044543,-1.0,0.9155209119797048,-0.9030649047341457,4.584805525704463
1.0,1.0,0.7349405734970339,1.0,0.3925295474456135,-0.5004908206725098,-1.2699621209639127
1.0,1.0,0.9029456829625453,0.3051615310152278,1.0,0.264091368334896,-5.18774717313315
1.0,0.5740553552858768,1.0,1.0,-0.1981404194709977,-0.65435720165886,1.8453654767255423
-0.3291805372464882,-0.5909098565333559,0.36185361925352355,-0.16076307357719075,-0.6001857315207275,0.16421931753509456,-0.9400599552600303
0.572027718057152,0.11876279643314691,-1.0,0.27678204804261275,-0.07945550062219914,0.5082598429305277,2.104445249305119
-0.8798863198048836,-1.0,-1.0,-1.0,-0.2239823255452178,-0.19140208952372928,-5.74296951157616
-0.8841200963292756,0.8677270121814876,-0.429194048147589,-0.7480507007363391,0.4410611291798471,-0.043007626057224274,1.4006876759570122
-0.06228917236496179,-1.0,-0.21845601177260407,-0.7007936004614075,0.3777837669285615,0.009720223141338913,-0.8007201175028135
0.2910483028652985,1.0,-0.15843719537047823,-1.0,0.5806476543474861,-0.8379701399679268,-0.7617327956705172
-1.0,0.5169656238649658,-0.47196172801538183,-1.0,0.4809180362708594,1.0,4.882844695328185
-1.0,-0.6217268922196766,-0.49115605256099093,-1.0,1.0,-0.5271124564422289,4.063776211337283
-0.3222798111525876,-0.14475098023959537,0.23369841821305237,0.9706756334936141,1.0,0.7400836232270631,2.9580380613813033
-1.0,-0.8280658669842946,-1.0,-0.5403103390613335,1.0,0.5703928534964315,-2.16935655261863
-1.0,-0.7368211988270408,-0.15393074573051257,-0.5243207776442391,-0.7700740280565652,-0.6919614753250187,0.9808606871359056
1.0,-0.6467580369774617,0.438467614667471,0.681128819405732,-0.3386410503124464,-0.06899192164484824,1.7195374635167466
0.9862435467847608,0.2789865605532047,-0.47010821687129434,-0.49511906424283714,-0.8733495862599581,-0.3203717732833311,2.4504036680713015
-0.36689405796701907,0.7838848039917702,-0.15624112713396776,1.0,-1.0,-0.43125477030328807,1.4604322651783486
-0.08665048622573868,-1.0,-1.0,-1.0,0.847690325966089,0.5303035698289655,-3.9677124159473975
1.0,0.43889291570452893,0.7876374663697467,0.2705178420538705,0.012320590992233371,-0.7979272136303842,2.76392353874765
0.676352527591163,1.0,0.17745674946395784,0.1707958307292765,-1.0,-1.0,4.199722165381782
0.37649305377536935,1.0,1.0,0.38060375586148765,-1.0,-0.45726851880196673,-1.22425272609657
1.0,0.36248665614352243,1.0,-0.008858630847809468,0.03921132982324503,1.0,-2.1610894343933715
-0.6770201940594732,-0.9072452674547121,-1.0,0.33644850357075773,-0.8356955978616126,-0.4179820304207172,-4.949206556575636
1.0,1.0,0.2789046417109142,0.6315777461138175,-0.7803972699843429,-0.25114908235813327,3.770323324628694
-1.0,-0.632192406037104,-0.8843280566063825,-0.2094882638713167,0.7854077783216451,1.0,5.5813075388930615
0.8577638039614439,0.5074729499401586,0.41620582590204735,0.3618855039969783,0.1833636350938001,1.0,1.7054815024571444
1.0,1.0,-0.8438857049878994,-0.04290106319882102,0.07004783173300566,0.9781818991634028,6.3538031467377
-1.0,0.13320924756490563,-0.8015417179088762,-1.0,-1.0,-1.0,0.5926044435574722
0.6256051558378379,-0.1464840410045226,0.7466468028168399,-0.176365624255527,0.8021298416538543,1.0,-2.0157330646989022
0.0030771861326757133,1.0,1.0,0.8087821719113388,-1.0,-0.7685464602449021,-0.5218226180812382
0.2490479853063574,-0.28395620844590447,-0.06172338412933198,-0.42118803028489316,0.05865849656343703,-0.05202544344811973,-0.70886590416987
0.8683769777177509,0.030001517128344313,0.917235880605569,-0.21382155696790434,1.0,1.0,-4.072966360156143
0.2765105131981103,-0.30703763346771745,0.7577826536361411,1.0,-0.5475952345009869,-0.8724431246838861,2.6070765647654053
0.9492581071699684,0.07493829528363899,-0.7207159783630374,0.21880550825993336,-0.6942201432214662,0.27271567618472603,3.4265653857360476
0.0924407626622418,0.5405086467065825,-1.0,0.46508057042359885,-0.3192164619620117,-0.11336621541127179,-0.10473988390259817
1.0,0.1565576102435604,0.8780139876609354,0.7525955672776297,-0.29946342928296715,-1.0,5.903675523580706
0.5734179551771952,1.0,0.18691169331850754,1.0,0.2052495635208303,0.15840836628695631,-0.7524553263173519
0.5039420993251613,-0.3598494691298446,0.6922162466847291,-0.3038828694789407,1.0,0.49057586712591184,-2.204309274389709
0.057051033101092,1.0,1.0,-0.005229415139312965,-0.15401631772350077,-1.0,-1.1122544381967996
-0.5030681415832542,-0.5486700958867029,0.07229978647331636,0.17763356810603986,0.9697528466076522,-0.4612858649742291,1.777196473660805
-0.5424875961804041,-1.0,0.7335410520541175,-0.05978332659548091,-1.0,-0.7793009186619826,2.0143181704092363
-0.5604931778864568,-0.6736353230185248,-1.0,0.045776367894836245,-0.08271979630442061,0.22364706002554052,-0.596903126178524
-1.0,0.18689759129192862,0.9776312990207756,-0.1424020985678538,0.22212675927700276,0.6474100542880619,-2.0470452504387415
-0.8626083036394732,-1.0,-1.0,-1.0,-0.5096067685196013,-0.9704161539767339,2.821420656282045
0.15270753993738392,0.96897970135786,1.0,-0.09882331638248754,0.16890667440459772,0.2823302861815326,-1.8311426255412582
1.0,1.0,0.44232929502245955,1.0,-1.0,-0.12712653104544214,5.1765391828578835
-1.0,-0.11453613987462773,0.13778727729374984,0.10831600440281763,0.7821128660028693,0.5908813582061863,2.5445913181745925
1.0,0.414622211574194,1.0,1.0,-0.05843793045397659,-1.0,3.4666407877316967
-1.0,-0.4568210358820206,-1.0,-0.24137127596552288,0.09842006880023724,0.23201230950259433,-0.863412753504726
0.4309568303142598,0.2971207559965483,0.14402031538835114,-0.46392991591396193,0.07687696290994261,-0.8899053604108431,2.0315863665498415
0.12796585610957611,-0.15312958578520236,0.7550285606178504,-0.19167499732184975,-1.0,1.0,2.408313234806573
-0.3413528819750471,-1.0,-0.5511659091017145,-1.0,-1.0,0.4737598146640512,2.566661280254696
-0.5849960721395617,-1.0,-1.0,-0.5056165693607451,0.5853919303578858,1.0,2.4185965962215246
-0.3013874794357111,-0.590993131293557,0.475619688912714,0.865600976622473,0.24115844483013127,-0.4178369666628936,0.6773542917878994
0.28567648558519604,-1.0,-1.0,0.5230145943930583,-1.0,-0.6715761587803271,-1.1247652511995845
-0.10754558682144716,0.2973842727604993,-0.37056250036300165,-0.8258709991259457,-0.9815064288692039,0.2294007616344818,1.3134572350819955
0.6626828823079016,-0.9792692869380508,0.2832199818145094,0.8259172300432367,0.4449243664522794,-0.4677067542341302,1.166961251227064
0.6815932179625088,1.0,-0.6766995815177226,1.0,-0.09731379548645053,-0.1443913348855489,2.5993769808316
-0.754197334136292,-0.6447950808409697,-0.34096103800014377,-0.13375980867774517,-1.0,-1.0,0.0944519911572099
-0.06975642730367207,-0.6201442736696234,-0.32961827700319224,0.9575196763428163,1.0,0.9025432394615596,4.640444891900692
-0.3496090919614341,0.20317228882630417,-0.21077224511061143,-0.1918988770985044,-1.0,-0.6745765207470249,-0.7308903035349286
-0.4342313206191476,-0.5679125166181155,-0.5941811219351852,-0.24083996843862954,0.28669057673268106,-0.9664553598602476,3.3581672694007456
-0.282796577041571,0.3345210244427666,0.5910782824385871,0.021621928706318738,0.014678102548857215,1.0,0.9211231496761054
0.7193313459527819,-0.05103002958788627,1.0,0.982804505064329,1.0,0.43359443555566146,-3.7290944969645285
-1.0,-0.823562935870392,-1.0,-0.09896950720424824,1.0,0.5890497445128569,-1.5850311168162166
1.0,1.0,1.0,0.07890806342808987,0.3032727268546784,1.0,-4.323221366941963
1.0,-0.1262900798294686,1.0,-0.09205461614265897,0.18158717172718278,0.7770355359022809,-2.4262790151367626
0.03404204703302416,-0.5311386332498597,-0.9003760101103446,0.17738307437441825,-0.2739261579947381,-0.9247322338927673,2.0922640042788774
-1.0,-1.0,-0.7127449189369136,-1.0,0.5766354694881184,1.0,-2.747089202393562
0.6963494364347895,-0.09807448890002202,-0.5323576414838552,0.48671108615277126,-1.0,-0.06990483960357907,1.893412199074472
-1.0,-1.0,-0.04973119316676877,-1.0,0.4579737748910978,0.20338861190474444,-1.449225492900223
0.09333703388912146,1.0,-0.6629081204255082,1.0,0.6916713525838856,0.5260510347686204,0.6939032936590479
1.0,-0.06527623442772629,0.44570137197670906,0.42054226565960073,-1.0,-0.5863203109385655,6.501234923272624
-0.1738158268691119,0.08733877391729294,0.6487490083860694,1.0,-1.0,-0.17129749001263783,0.08201586121401172
-0.6502316903466662,-0.3267106200904009,-0.07906072130182171,-1.0,1.0,1.0,5.145792199474734
0.5203770128108469,0.535293324575483,0.8521016281564573,0.9584029245596583,1.0,0.39224922427171366,-3.9164413509359575
0.15175603556731732,0.21162303055723986,0.22150252194144798,0.4684498431246534,-1.0,0.46421366253128676,1.4497204129057668
0.8044069149931041,1.0,1.0,1.0,0.592657599489289,0.1375217799620847,-7.0422910331718604
-1.0,0.23694192592201715,-0.4675139560687831,-1.0,0.17162311457953683,1.0,3.7152615232951716
0.14564539070117388,-0.21250184445745857,1.0,0.7239373806763294,-1.0,-1.0,1.2767204286656537
-0.7526690833726548,-1.0,-0.9197808866452959,-0.6682536377822135,-0.18306148012100276,0.23819052193928125,-4.403453198021243
-0.9126720561996664,0.4540045050030612,0.9947331571158196,0.10377397073456274,-0.44869629267791167,-1.0,2.1372434070323116
1.0,1.0,0.7908517206471937,0.6356959819749021,-0.2824013251680857,-0.33041935700153446,0.7736620730743183
-0.009829543679458652,-1.0,-0.8120062424918226,-0.16139492232036723,0.07073218405691595,-0.2405003656922541,-1.6625135744136879
-0.03730739997209176,1.0,0.9251510163704743,0.3253809030546545,-1.0,-0.5290238638714604,-1.6627163547451989
-0.7761816678083968,1.0,-0.3261686652683581,0.5932632630710012,0.08085059709243833,-1.0,3.5986770361382483
-0.46258291845005656,-0.9647290513001126,0.8947145102729708,-0.3293636731051262,1.0,0.5430366812050658,0.6637627845222742
-0.1916994183402061,-0.5687786678048062,-0.18568701132667637,-1.0,-1.0,0.3810687000381651,2.676142535972245
0.2953559727644557,0.3493051097284039,1.0,0.17964541530449285,-1.0,-0.8603565058136038,0.29594700469772217
0.5160296570642241,0.17718168303613605,0.5889269819909333,-0.8556940109954532,0.2149040855267949,1.0,0.6590716629330666
0.1162792143122421,-0.4747283920789156,-0.5500212812804384,-0.2662180965323095,-0.23687015457648947,1.0,3.6129872897794475
0.3592238744022467,0.48108809556575294,-0.2662764998233858,-1.0,-1.0,-1.0,3.7880409503709687
-1.0,-0.8959538274453847,-0.5275163649836396,-0.6206537226908235,1.0,-0.6023902643253474,2.5900231132382907
-0.6130399690060652,0.19701424808440338,-0.3423835562446913,-1.0,-0.9373829227665282,-1.0,-0.558773938815876
0.24831198063116444,0.6555895596199912,1.0,0.5735439772852111,-0.8608940527490356,1.0,-0.7519176899386247
0.7683524223676215,0.9836264044980481,0.11234602473546951,-0.473727272698906,-0.2110145539901716,-1.0,2.5801223208525252
0.09833389847689136,-0.22070189440871807,0.8246253327285145,-0.04277663785138941,-0.37195274607269546,-1.0,2.790835088592398
-0.2198030879501322,-0.6340745387447506,0.14807239468068242,-0.5243068677383467,-1.0,-1.0,2.504402694712699
0.6738385284723958,-0.12082818983212967,1.0,-0.17642776907656,-0.30891182272643547,-0.013211102434214528,1.1016817710571307
-0.267548668938108,1.0,1.0,0.3041512448857927,0.23439533430341108,-0.44508649134578854,-2.019870976060876
-0.5042481088935271,-0.33002743577609334,0.5871319679056347,-1.0,-0.8928671984564154,-1.0,1.3279706575714674
1.0,1.0,0.31524588732663594,1.0,-0.3269149636703038,-1.0,8.396084260275536
-0.31253153125235916,-0.0711227950111051,1.0,1.0,-1.0,0.9187861970211499,-3.4346827890630944
1.0,1.0,-0.507166237987563,1.0,-1.0,-1.0,11.806330457021131
-0.3356742295263705,-0.8454543297261456,-0.9463354117441077,1.0,-1.0,-0.7053732727395954,-2.8450269983909644
-0.06355250793747769,-0.26779761316428013,1.0,-0.47019074507536107,0.01719722063115875,-0.9985443491258925,2.9168038903237714
0.1804532483414743,0.12591748057551022,0.06246947272423131,-0.10115701905893984,1.0,1.0,4.215338665503255
-0.6949508334647336,-1.0,0.15528079234818304,-0.11468996202087456,-1.0,-0.5374083406626801,0.6713406631014953
0.525048921343357,0.3147146424958266,0.045828778602051035,0.21655085897563164,-1.0,-1.0,5.551707569869358
-0.20250534071343473,-0.5474926932709057,-1.0,-0.8650065853277678,0.8422354374814687,0.7412601822348714,1.8396033680843376
0.30136500265163163,-0.14229923814634277,-0.5567218418800881,-0.8463943410922169,0.4713260273079667,0.6290196320456993,1.037230003450338
0.5612074137707413,0.058763978917241694,-0.27305715520643004,-1.0,-1.0,-0.43602423094743115,4.182617847261721
-1.0,1.0,-0.7037505026237114,0.376258508920157,-0.2336192623351971,0.2537387684344129,1.4954096611289425
-0.15182420623493653,0.08204300577857804,0.1379594839741244,-0.32671838483734084,-0.8719455941387602,-1.0,1.5240290276075998
-1.0,-1.0,-0.2503443683752835,-1.0,1.0,0.09771873799098696,1.4822718230585847
-1.0,-0.20242027316103672,0.3756146705882287,-0.5637454821318697,-0.3280489674631779,-0.8782165627541619,1.6267633694148147
1.0,-0.8547085569837362,-1.0,-0.3000893031874143,0.12900078549746785,-0.6255476077988386,-0.07271248753609003
0.3100681931919491,-1.0,0.7713484942285829,-0.4542899263672752,1.0,1.0,-1.4286040284207036
0.9876484728267321,1.0,0.8458913972646542,0.14435880700761583,-0.38202729118975887,-0.5914995926065036,0.6568018507669089
0.01891986114518618,0.4321449276000222,1.0,0.19678545159522853,-0.0372075660069322,1.0,-1.4349655139878013
-0.6285041798883614,-0.519960102427397,-0.8383660639157379,-1.0,-1.0,-1.0,2.919503556705856
-1.0,-0.8155588124118258,0.18785267585681653,0.45349938080394514,0.4090791773256594,0.8849918221310165,0.4243165322738225
0.7631887588680235,1.0,0.5612269683740427,0.8086898511804907,0.22676526642226633,0.5690757231750287,-2.4343087663028244
1.0,0.30474591067564316,1.0,0.8394726017006484,-0.010049005598283839,-1.0,2.301042744996842
-0.5258550457845357,-0.7122660322844965,0.611894194761005,-0.520812713216765,-0.7995292612518414,-0.7737430401534284,2.477005119387987
-0.6317788212858884,-0.7458083841349427,-1.0,-0.04787469510389286,-0.5880356123468363,0.36318309062084175,-1.332336515332698
0.8784458948323288,1.0,1.0,0.4799599506952599,-1.0,-0.5184553080513681,2.561162494037932
-1.0,-1.0,-0.9918482549463289,-0.6231729338143053,0.3019532795703926,-0.3638412253404917,-4.008532363282318
-0.5232626598009634,-0.34454491065904447,0.1439339816804272,-0.09732299281919793,1.0,1.0,4.013080356311902
-0.10112757384107102,0.9352957553099497,0.8428541667651369,1.0,-0.7129588756670315,1.0,-2.452171145335266
1.0,0.3504531900058451,1.0,0.07734710137135486,-0.9801652712874187,0.4684273471276436,3.0544725229326137
-0.41625025453983167,-0.6598417866246054,0.11812823167518283,-1.0,-0.19205257425729882,0.4133668396215063,-0.8167239222081867
-0.47707747084360086,-1.0,1.0,0.288226737988303,-0.4434989913778494,-0.11364646755914487,1.8618333391000934
-1.0,-1.0,-1.0,-0.5452024560710962,0.6913176684402238,0.28548273017411546,-5.9626128031645065
0.04395819138972984,1.0,0.6022430635218881,1.0,-0.387379833085429,1.0,-1.6507699997281802
0.15262746843973723,0.0023576730744421237,0.6086331466010299,0.5378800598614675,1.0,0.24669774394169244,-1.5650396002835
-1.0,-0.4169898282796554,0.2598337188030423,0.3618263366263097,0.32473939377486294,-0.8918392143517853,3.4730299334089882
-1.0,-1.0,-0.32810209581305394,-0.573242082318316,-0.5666694942541904,0.6157789818397914,-2.196870719801816
0.5359741404591114,-1.0,-0.10033478760864972,0.27187551603689647,0.42768365413342674,-1.0,3.991177313480047
-0.2310057976618523,0.8285506657878128,-0.30261446365739364,1.0,0.5300058702636657,-0.4544311034959837,-0.16764237361067408
0.2594590347645015,-1.0,-0.9227193904561976,-0.6989325703013485,1.0,0.20618681415484397,-4.923024929151688
-0.9164876499232377,-0.6990715780064685,0.15325984375833757,-1.0,1.0,0.9843196917014116,3.776950225492629
0.8505545226548995,0.11294130140943433,-0.9611042484328273,0.3055487201013567,-0.5745578148433554,-1.0,4.170295586094192
-1.0,-1.0,0.21307599242474012,-0.5750469080141388,-0.7535977988788518,0.009264120010842952,-0.7661651362530952
-0.3022709986194836,-1.0,-0.3715839131143783,0.27850635129516277,-1.0,0.04675838087671025,-1.422420742758901
-0.1687878422823177,-0.7594471498097815,-1.0,-0.7537389603144131,0.15098789757629894,0.3861730775081891,-1.4686971026039648
1.0,1.0,1.0,1.0,-0.43821419848283244,-0.21222584997347776,1.3508982471991666
0.6139511662585,0.9564529485471096,1.0,1.0,0.936190854178738,-0.06274090043126035,-7.1101756722281175
-0.8501158516260315,-0.8709320035311741,-0.8228940615012738,-0.7900131898680961,0.8040683651486158,0.30139121873677127,-3.094543595260433
-0.03164816629116285,-1.0,-0.9551083358743954,-1.0,1.0,0.34306648986027355,-4.308666591184178
-0.9701594624112643,0.8032876945215495,-0.3084415029145943,1.0,0.024953947347274186,0.6493050296330445,-1.2652713128175916
1.0,-0.13103111372282505,0.9557169514417896,0.04446625490659173,-0.6214967650045605,1.0,2.1081245853295996
0.3021596947563724,0.5188371864410993,0.12615132595551132,-0.9775349365579388,-0.415880484404094,-1.0,1.5243952416295705
-1.0,-0.1793652511680257,-0.4983788991300677,-0.06541666156366555,-0.4979235267545614,-0.8338264858445712,1.0771085227155366
-1.0,-0.3155131391659609,-0.202010657841437,-1.0,-0.5180131612397473,-0.7096224373737092,0.4648257966925349
1.0,-0.18304532656438877,0.7085441582278467,0.31147758767597233,0.45754131419304866,-1.0,2.0374120830577476
-1.0,-0.30652205200623805,-0.2239831327156211,-0.2669912267548209,-1.0,-0.5231800698848592,-1.7485148169110776
-0.6964420115295127,-1.0,-0.28294696886526194,-0.6477101314151033,-1.0,-1.0,3.8920101670171374
-1.0,-0.9056832035367524,-1.0,-0.32929082392727005,0.4596075158108772,0.3028252934160752,-3.303204656759196
-0.7675588356875186,-1.0,0.9861077342072511,-0.7051211039976786,-0.5023416998314181,-1.0,6.885907845691723
0.5633312614896854,-1.0,-0.9534828355103533,-1.0,1.0,1.0,-3.9185086332116468
1.0,0.3222144486894931,1.0,1.0,1.0,0.7326955204487708,-6.679028255783699
-1.0,-0.9674324123718929,-0.6763600554244669,-1.0,-1.0,0.8642407596483408,0.6938883334727132
-1.0,-1.0,-1.0,-0.6329847490168754,-0.5380773463742755,-0.9822175962199219,3.0464638592814977
-0.9259751300179899,-0.7241167250641173,-1.0,-0.5181828267093963,-0.1822097128072041,0.08129799306797023,-2.528367814948814
0.6824345633266532,-0.04890056674444254,0.16862074601307642,1.0,-0.8655496488953086,-0.9889048632219268,6.77224811297458
-0.6303190301664625,-0.6731923839844965,-1.0,0.09533155850464137,-0.6357205178243155,-1.0,3.3098082274059597
0.5722919483660763,0.31340667017845647,0.0033598086675770134,0.7326796148937267,0.35904800105887547,1.0,3.5326585509807042
-0.5349658004674798,-0.8608231341184781,0.18517708765886642,-0.595345902127635,-0.6174296459312623,-0.2817797741279704,1.4050389046985545
0.6620468379327773,-0.24702628676716643,1.0,0.41775490880433186,-1.0,0.6785987721423075,1.665354337388167
0.07087735665542438,0.4080834342544498,0.8317690108248544,1.0,-0.1755545706688587,-0.28337772482236623,0.4615688258774725
-1.0,-0.36679633484725327,-1.0,0.9262401001869889,-0.33775070528807316,-0.27905825809246176,-3.7861015761061405
0.376075376043458,-0.008121582904548286,1.0,1.0,0.5143269754494975,-1.0,-0.1359837405565636
1.0,-0.38116936055677114,0.29168331141621023,-0.5545122463614501,-1.0,-0.7400925067794754,6.626303939722594
-0.615739538294126,-1.0,-0.6516216830857254,0.2941050259547902,-0.5992043726915033,-0.1593481121407878,-3.395523703031073
-0.9367695126238289,0.2007202549128,0.9797006991004958,-0.1470419709163376,0.6999798466968377,-1.0,3.371711389286636
-1.0,-1.0,-0.52131898696624,-0.3231339057619258,-1.0,-0.8536371705595538,-1.1167434032575354
0.115955885999101,1.0,0.9990559074581635,0.7935671829479896,1.0,1.0,-4.66528399826152
-0.3147629732687254,-1.0,-0.6664254023346107,-0.12599422663280213,-1.0,-0.5440845283024847,-1.1643969095913085
0.9418874697143763,0.7188110567412749,0.5845869181534876,0.20558815635026093,0.524791553669292,0.5707566289892634,-2.0263669380788842
-1.0,-1.0,-1.0,-0.8654119063634734,-1.0,-0.5929894951752723,0.02616513526888703
0.3693295359018618,1.0,1.0,0.06917276839377284,0.6569619637449604,1.0,-3.0909938133736947
-1.0,-1.0,-1.0,-1.0,-1.0,-0.2814304470344763,-0.9329300458345169
1.0,0.31598629149733615,1.0,0.9639016231372022,-1.0,0.04964887887906999,4.5735608298669606
-0.27729723395143224,-1.0,-1.0,-1.0,0.4903290665020719,-0.46746593492785193,-3.1783837410108693
-0.48811649227291964,-0.1003904806763587,0.17129096183221712,0.1830638874872632,0.42813566519586854,1.0,3.0649459141595576
0.5634558431722376,-0.06035713387003197,0.05827943786152079,-0.13196939237479277,-0.3524680686533255,-0.8617661195023857,3.388924892817155
0.7661267669479804,-0.0959750124986383,0.6488894544254067,0.17944341195372482,1.0,0.7298304681650045,-1.9643749611654733
-1.0,-0.7233754740349303,-0.24292449540366334,-1.0,1.0,-0.019933890924072495,2.9617859452639523
-0.9688760614817575,0.8575769048779319,-1.0,-1.0,1.0,1.0,13.304787990104398
-0.16114360484453766,-0.9389480925951483,-1.0,-0.0009116452905055805,-0.01931562053245739,0.5839803919942163,-0.19363827069540387
-0.13288127537775984,-0.2603226587127016,-0.10225352612829569,0.5845893926752113,-0.326168585717062,0.020744546719471457,1.1514962063034566
-0.48180999009307646,-0.4422176299236398,0.2135681732098292,-0.024345423458016435,0.1593832363841095,-1.0,3.9249822880060257
0.4441998451620115,1.0,0.728645323348444,0.2305118359381807,0.8116900503162449,1.0,-1.1808500872812522
0.16276588049534685,0.24547566866661985,0.989689046044738,-1.0,0.5732408516392621,1.0,-1.1620703481734975
-0.8208136020365828,-1.0,-0.48530954570479423,-1.0,-1.0,-1.0,5.947383394433696
1.0,0.8533464141556045,0.7394592635977765,0.8585394878073813,0.49453507597559876,1.0,-3.483654058954445
0.7731405120312851,0.0662937245247075,-0.15874055313288116,-0.6847260046086668,0.34322639236847674,0.8921465023494357,1.8978779513681447
-0.704840966722628,-0.9985015503151773,-1.0,-1.0,0.42358543235663837,0.6297389063303964,-5.406236963830289
-0.08884318569818539,-1.0,-0.1884683354810579,-1.0,-1.0,-1.0,8.401094081967239
-0.5493994917367202,-1.0,-0.517514520904779,-0.14917434540486274,1.0,0.048574869400883215,-0.9960321428962762
0.8956485143743461,1.0,-0.3679389688411494,-0.09848779804020125,-1.0,-1.0,5.544923276241907
0.9280205683621875,0.051279558097180766,-0.028689242300766776,1.0,1.0,1.0,1.6454859905107335
1.0,1.0,0.06992405762817955,0.384089116867816,0.9274448908707987,-0.6239095339048296,-1.5197528475112083
0.9832570180590158,0.33682428528145636,-0.3944475182999838,0.1601808791489543,-1.0,-1.0,5.8395623062979976
0.3124851092291774,-1.0,0.47639241232636276,-0.8655361912416526,1.0,0.14443620663544454,0.9568409436018434
0.20423709151223246,-1.0,0.7729513674785742,0.39803890249398316,1.0,1.0,1.4526610967223923
1.0,0.3982639777933832,1.0,1.0,-0.0038537767691515235,-0.23824511800005246,0.48383497708279677
0.21725403187463954,0.3848892182854572,0.20866923488112693,1.0,-0.33380261954830115,0.9439049752905311,2.041521305188137
-0.7326070107856067,-0.19191692374099045,0.6463923173312205,0.11637229505502156,0.9511865503583625,0.2911362683091215,1.0460218090359046
-0.42393950483159426,-0.006603447664508932,-0.638752326474128,-1.0,0.2638515548644178,0.9366645232262137,3.4072914063429693
0.5327291540097814,1.0,0.6658471401803109,-0.34877583001636214,-0.5962287317056972,-0.4712208463557981,0.2079374305069519
-0.08232440060588275,-0.27931493361316484,-1.0,-1.0,-0.5720166242957307,-1.0,2.6243605669980234
-1.0,-1.0,-0.9946066078948487,-1.0,0.899859504284422,0.23494155291636343,-7.3880143860070175
0.10549829222105378,-0.6009182913937868,-1.0,-0.7339455224080494,0.2600295230582931,0.7275149979910833,0.799357547383863
-0.11858721844178984,-0.08099248510206114,0.4955149836247358,0.7547050217043925,1.0,-0.6399709472422002,2.256837010775979
1.0,0.6705918192749332,0.4697143247683636,0.8450162770602488,0.5892024850198423,1.0,-1.1467957339635868
-0.984339483117109,-0.49206424435160057,-1.0,-0.8832798968844624,0.26766799556980053,-0.13869918927124844,-3.9477831055847767
0.14495617243348402,0.636229190104294,0.47516889513727656,1.0,-0.030398428241240616,-0.33414123240426374,0.26314303692180546
-1.0,-0.6404861782346256,-0.5262624359698405,-0.09928352796584455,0.41614163916497926,1.0,2.8188882888503337
-0.25617034728779076,-0.33840836606679514,-1.0,-1.0,-0.45994135275943226,-1.0,4.176879694027331
0.7199030185514655,-0.27176391669155564,0.06193810279398637,0.94974906950895,-0.4937283845426917,1.0,4.4476697887231635
0.5410643435595912,0.17867638390315932,-0.29654252930609937,-1.0,0.11996428354162625,1.0,3.2942926101576226
-0.5526016919057339,-0.9798303325896092,-0.14367462207181758,-0.31400332809422704,1.0,0.6834444407172534,1.762682384656135
-0.3208581742659109,-0.38537365232904763,-1.0,-0.8174048475636589,-0.6627816498903029,0.828366314007019,3.5777961646128102
0.26084882272696064,0.5536583670325208,-0.18750956330520213,1.0,1.0,0.8473394733519697,2.167824227026242
0.6657437610919004,1.0,1.0,1.0,0.9862736276999449,0.2725700635939613,-8.050964974245256
-0.01886900795309676,-1.0,-0.6598692203058166,0.126977248016377,-0.6059089489166218,0.9834340135763422,1.1785941265024624
-1.0,-0.9373502039706825,-0.47156186595984195,-1.0,0.9284389851313666,0.8533822709526655,-0.1300759565982394
-0.4236322434719155,-1.0,-0.9272611849898402,-1.0,1.0,1.0,-0.23803729586930422
-0.608610517514011,-0.017477307201476888,-1.0,0.3837755588292825,-0.3726723667668259,0.27961209295233747,-0.40609913923675967
0.6027195369172695,0.9358840286148431,-0.6949880738660303,0.9720942932406766,-0.7109424777865938,-0.9689651587729836,6.9324876333182255
-1.0,-0.0681548386638583,-1.0,-0.046866476244932564,-0.19676858785193674,-0.6573752196441016,0.7868334804892472
-0.8178461097100036,-1.0,0.6947923457204,0.8208148173055554,0.372440967457365,1.0,0.30342196439756586
0.8152148448879073,0.12106938074411018,0.05621688790253154,0.0669076742932945,-0.1842666788915752,-0.02561308884801497,1.2152978563695123
1.0,0.10231888412766516,1.0,0.19374112494303886,0.7908927063165869,0.12542664886305044,-2.7840460344244673
0.31050783533363324,-0.828826551798084,-0.05375421929882801,-0.10487198404895648,-0.48378298756539184,-1.0,5.0778618161826845
0.07952333670648243,-0.1461976215623879,-0.17311769072309574,1.0,1.0,-1.0,0.7499503930308449
-1.0,-0.6427136674918112,-1.0,-0.1787034188814971,0.6386410948173926,1.0,5.905942363952187
-0.8925793437427219,-0.6674661796926024,0.020187465273941746,1.0,0.350677159536418,0.906684037394865,1.718742581189126
1.0,-0.6691158708247578,-0.47033504877986265,0.45973875911544604,-0.4806192232839883,0.5836070924752156,1.9443118765091303
-1.0,0.8601224730711127,-0.48617317464423737,0.20910857604153232,-0.31227080244364747,-1.0,1.4232007443834214
0.066307619658726,-0.18213722695490953,1.0,1.0,0.5548109111706607,0.8662541738673611,-2.1479078894156234
-1.0,-0.9754931537145226,0.3764913709219968,-0.7024206193693302,0.7839317256272971,-0.2864787535070476,4.125725835304834
1.0,0.6710702727028068,1.0,0.9164660734856538,-1.0,0.7133877838126671,2.8332370546326273
-0.8797532190758846,0.9163257629693007,-0.0812857687836624,-1.0,1.0,0.6773939454473232,7.0579322895883685
-0.6127546920987587,-0.7773693507249231,-0.20575924604090468,-0.9793103193521312,1.0,1.0,3.5806518948105905
1.0,1.0,0.04656109952702159,1.0,-0.21551113053460808,0.28557925680314844,1.7231603604151902
0.7865400180859448,0.07322414656979478,-0.4441731189023628,0.7693655484121935,-0.672976366373243,-1.0,5.193682938167048
-0.3342947961384537,0.7424266207746423,0.6155029977338351,0.12824203789731764,-0.604829744284775,-0.5743421985925674,-0.07278616459973758
0.9195679603897144,1.0,-0.37565666029066425,0.7339100431791152,0.36503252706180356,-0.7814362191959348,1.1756789825605516
0.09723701383423089,0.15099780480649505,-0.06920872245792595,-0.48786169596334283,0.9366234184369533,0.857694830641731,3.091613597274141
0.05968486351977394,-0.9007656669498594,-1.0,-0.6009260067748972,1.0,1.0,1.438863641120069
-1.0,0.6116905084970191,0.9441638809807585,-0.9980759975593285,-0.2096831593968665,1.0,-2.102427472630123
1.0,0.39636463271081046,1.0,0.895443931267235,1.0,-0.2248018631936337,-4.83914285188213
-1.0,-0.596297265846051,-0.8381654153211713,-1.0,-0.4631329400157149,-1.0,4.124065711698575
1.0,-0.14524678256983398,-0.37519720781036964,1.0,1.0,1.0,2.4639926631911417
0.44840787891107925,1.0,1.0,1.0,1.0,0.1836476413341297,-6.824428613511383
-1.0,-1.0,-0.5264690203944093,-1.0,-0.06043103273052719,0.4976434836025496,-4.249742858623934
-0.9722641822060137,-1.0,-1.0,-0.12164148007001274,-1.0,-0.015430046539319342,-5.503791026896557
-0.44595910873999495,-0.2903450667811416,-1.0,0.7001558958673068,-0.02383616691082635,-0.4807884492378308,-0.4362290209727279
0.4400449849879031,1.0,-0.07828537133282099,0.9758564131221348,1.0,0.5676467745349467,-0.22625806076462696
0.8190875840408499,-0.951404787455055,-1.0,0.3650542079053737,-0.9739935890552828,-1.0,4.891542116134245
-1.0,-1.0,-1.0,-1.0,1.0,-1.0,2.126442790227765
1.0,1.0,1.0,0.03215293532063934,-1.0,-0.37090169072048085,1.7682025228257023
1.0,-1.0,-1.0,-0.866088733709267,-1.0,-0.2937985409082117,9.222386402449708
-0.8668246155744141,0.2108750436665502,0.46304090488265504,-0.5255330423686935,-0.1015805282632003,-0.0629605175484329,-0.9476427275638841
-0.165104677428199,-1.0,0.34968845107307645,-1.0,-1.0,-0.7651697681044218,8.897235632638818
1.0,1.0,0.14657400743995985,0.40310984968295005,-0.5988810099066157,0.605128236330526,3.2013052288759893
-1.0,-0.11447736903215433,-1.0,-0.6327316291634582,0.5426968698033636,-0.6450575250165158,0.6421833381660382
-0.27032887141976714,-0.015360645422066943,-0.8980937503047373,-0.20223020191275176,1.0,1.0,6.570612051481599
-0.14576142340875753,0.253130604611297,-1.0,-1.0,0.8210131751838569,0.03303664077146751,-0.1549459803852091
-1.0,-0.10408248496465822,-0.16697826439941066,-1.0,-0.8007708511522753,-0.49520323131674876,-0.37565115221588574
1.0,1.0,0.8806648920856694,1.0,-1.0,-0.48355620335185395,5.874571099899703
-1.0,-1.0,-1.0,-1.0,0.925742241011249,0.5320985785203235,-6.459773784510308
1.0,1.0,1.0,0.3220639499438207,0.8682319192790872,0.046344710714262494,-5.035863566522882
-0.8578286923062168,-0.21007261814299302,-1.0,-1.0,-1.0,-1.0,2.1249208974093547
-0.18979885175319944,0.022359831254974538,1.0,0.7697861247112225,1.0,1.0,-1.106872825615603
-0.7562824833176301,-0.8409516981447335,-0.9893433992108147,-0.26050807972207185,0.39368092929898824,0.12069238149767259,-2.233945019214753
-0.5568084879219202,-0.38331641424779317,0.5550558321806849,-0.1359946421474707,-0.8162339750653294,-1.0,0.9903406430463126
0.6173739147377268,0.2663194095831132,0.04687776994652232,-1.0,0.09416663373159428,0.3032664578724833,-0.26545319812603313
0.7257642061744398,0.6345575544025903,-0.19210878260355657,-0.3786498416798756,-1.0,-0.7894322449799769,3.353779104650457
0.06716149341470201,1.0,0.38977104530436785,1.0,0.06752579517547264,-0.33288618514203255,0.145672647218406
-0.7524432983039846,0.6257565819460638,1.0,1.0,-0.029260172617993074,0.1287501198970663,-3.296392101763796
-0.32908709705662564,-0.4998067672196651,-1.0,-0.6633834651585309,-1.0,0.30205671810617496,-1.0344920016985353
1.0,0.570020710900947,0.4776560426850833,0.7172718020537003,0.07829944951443024,1.0,-0.009660980913401063
0.0022076896680764957,0.6299219800471476,0.7422895619682064,0.13476823480031297,0.25928799750383447,-0.11286592648365164,-0.29604286791175516
0.5953755819919834,-1.0,-1.0,0.456451845104508,-1.0,1.0,5.842480628925962
0.8359795664887079,0.8551965659119414,0.9879449887249653,1.0,-0.13071431787255738,0.259621885970737,-1.453505353039723
-0.10892265308861737,-0.7331590799511736,-0.7430567964738094,-1.0,-0.8665125767153037,-0.019844487232945296,2.233320817185086
0.06313982857442868,0.7116678256950324,-0.10932440862957293,0.9001494309926164,-1.0,-0.36865081626971863,0.9530140519592198
